date,nav
2021-01-01,10000000.0
2021-01-04,9990010.022654818
2021-01-05,10065866.282447146
2021-01-06,10084458.151648806
2021-01-07,10132081.606730746
2021-01-08,9986365.563208865
2021-01-11,9837221.29002695
2021-01-12,9856363.363162326
2021-01-13,9697865.704558657
2021-01-14,9920655.997687625
2021-01-15,9859434.273310946
2021-01-18,9783278.739417361
2021-01-19,9929275.32965021
2021-01-20,9918814.908393191
2021-01-21,9894785.957145022
2021-01-22,9786718.585299777
2021-01-25,9795196.83758478
2021-01-27,9607225.99566202
2021-01-28,9497365.130770968
2021-01-29,9347101.336425113
2021-02-01,9490150.21165781
2021-02-02,9621697.326088939
2021-02-03,9739490.877686534
2021-02-04,9926083.155739818
2021-02-05,9880645.040574107
2021-02-08,10073818.038418803
2021-02-09,10271972.148076091
2021-02-10,10241950.062356029
2021-02-11,10371970.7674723
2021-02-12,10263490.299775157
2021-02-15,10214507.090687785
2021-02-16,10323325.551842723
2021-02-17,10407672.19131187
2021-02-18,10582061.734269176
2021-02-19,10559200.617562328
2021-02-22,10578595.255108867
2021-02-23,10872701.96889976
2021-02-24,10778396.482464824
2021-02-25,10835511.448525462
2021-02-26,10811429.619240794
2021-03-01,10915659.362736735
2021-03-02,11081112.776423449
2021-03-03,11298083.877860064
2021-03-04,11443651.115641588
2021-03-05,11229629.423510546
2021-03-08,11296146.307932848
2021-03-09,11254682.547560686
2021-03-10,11450417.85454082
2021-03-12,11442478.361258501
2021-03-15,11518710.056555742
2021-03-16,11569629.490557665
2021-03-17,11164077.54619121
2021-03-18,11071448.854804033
2021-03-19,11348370.682822222
2021-03-22,11529181.598097796
2021-03-23,11656470.718962664
2021-03-24,11593677.815558428
2021-03-25,11346898.694167132
2021-03-26,11452649.581099505
2021-03-30,11404451.185782427
2021-03-31,11299903.740645403
2021-04-01,11553868.226462359
2021-04-05,11535466.604172701
2021-04-06,11828916.021683687
2021-04-07,12129331.366105074
2021-04-08,12249061.927842135
2021-04-09,12333534.416855806
2021-04-12,11817210.260788912
2021-04-13,11878236.785721773
2021-04-15,11870275.516526217
2021-04-16,12037505.048417086
2021-04-19,11872014.374802584
2021-04-20,11951747.672074312
2021-04-22,12099425.54420566
2021-04-23,12273563.76686191
2021-04-26,12307464.609513277
2021-04-27,12477415.109177584
2021-04-28,12596138.620408053
2021-04-29,12593982.671708101
2021-04-30,12559503.805985445
2021-05-03,12961749.28337192
2021-05-04,13100078.820854655
2021-05-05,13415952.194283
2021-05-06,13682285.47843217
2021-05-07,13923751.175934305
2021-05-10,13786338.41414689
2021-05-11,13712957.912682047
2021-05-12,13596731.037613383
2021-05-14,13396093.825142374
2021-05-17,13707715.939774027
2021-05-18,13888584.454399576
2021-05-19,13997357.577934733
2021-05-20,13892896.42675065
2021-05-21,14057330.096039286
2021-05-24,14232302.092804423
2021-05-25,14138249.636253824
2021-05-26,14093481.51345872
2021-05-27,14232153.192314615
2021-05-28,14063088.309296122
2021-05-31,14169911.21381425
2021-06-01,14343346.861122599
2021-06-02,14839568.716043063
2021-06-03,15062429.104150362
2021-06-04,15364749.120584078
2021-06-07,15260775.663369723
2021-06-08,15233825.944879122
2021-06-09,14981630.833734103
2021-06-10,15373841.142175265
2021-06-11,15588816.487420626
2021-06-14,15904603.670816012
2021-06-15,15691255.33339841
2021-06-16,15264118.205514498
2021-06-17,14888545.385491915
2021-06-18,14758298.88315732
2021-06-21,15109371.198663302
2021-06-22,15281730.595819063
2021-06-23,14980410.531838961
2021-06-24,14856562.925973482
2021-06-25,14931878.132119723
2021-06-28,14778187.150750704
2021-06-29,14849082.07331235
2021-06-30,14773468.805276461
2021-07-01,14652092.043359347
2021-07-02,14551694.757671786
2021-07-05,14451900.180477573
2021-07-06,14597035.280254794
2021-07-07,14652320.157421542
2021-07-08,14650469.27993436
2021-07-09,14598159.914440585
2021-07-12,14476232.535198642
2021-07-13,14503462.169598056
2021-07-14,14256021.575359775
2021-07-15,14470348.194607211
2021-07-16,14470687.19752164
2021-07-19,14319375.507641269
2021-07-20,14191606.541500522
2021-07-22,14640783.782864047
2021-07-23,14789205.679668857
2021-07-26,14868449.885616733
2021-07-27,14978976.509243442
2021-07-28,15144732.942928744
2021-07-29,15063725.121624423
2021-07-30,15009142.09444852
2021-08-02,15081571.472637607
2021-08-03,15103724.824715648
2021-08-04,15176876.817162547
2021-08-05,15238211.087105785
2021-08-06,15454927.212555919
2021-08-09,15296866.762337718
2021-08-10,14951240.19048408
2021-08-11,14896633.01546577
2021-08-12,15121800.767899547
2021-08-13,15158055.610192332
2021-08-16,15277828.030419383
2021-08-17,15728714.85783485
2021-08-18,15974636.349175487
2021-08-20,15979903.65218452
2021-08-23,16069245.117859874
2021-08-24,16453132.552445445
2021-08-25,16826791.75678352
2021-08-26,17080061.076111827
2021-08-27,17349602.110184703
2021-08-30,17708411.935792003
2021-08-31,18141064.033936534
2021-09-01,18394169.571625743
2021-09-02,18595309.33318355
2021-09-03,18593962.44683101
2021-09-06,18544169.75179317
2021-09-07,18477605.507240556
2021-09-08,18528664.14833858
2021-09-09,18498652.00215938
2021-09-13,18587504.46172359
2021-09-14,18528186.743522905
2021-09-15,18758917.829735063
2021-09-16,18697045.309837602
2021-09-17,18808925.910209917
2021-09-20,18640976.552147172
2021-09-21,18721101.66155269
2021-09-22,18812020.535484575
2021-09-23,19218066.515465043
2021-09-24,19355095.54766109
2021-09-27,19211530.951561235
2021-09-28,19088511.309410356
2021-09-29,19269292.99950435
2021-09-30,19575350.854789995
2021-10-01,19746579.281944536
2021-10-04,20069516.66258311
2021-10-05,19963756.995171305
2021-10-06,19886678.6561439
2021-10-07,20136959.864586588
2021-10-08,20224187.461815592
2021-10-11,20436095.057183024
2021-10-12,20479059.371018168
2021-10-13,20571665.242157694
2021-10-14,20800128.36621928
2021-10-18,21250788.287140604
2021-10-19,21019466.89255595
2021-10-20,20653941.223244425
2021-10-21,20583778.480896708
2021-10-22,20145752.938828226
2021-10-25,20074216.49838328
2021-10-26,20848132.000710245
2021-10-27,21328884.702301737
2021-10-28,20314093.350670572
2021-10-29,20391237.964653727
2021-11-01,20769338.36167979
2021-11-02,20745206.07397192
2021-11-03,20862714.77229803
2021-11-04,20966808.577367
2021-11-08,21222474.095090084
2021-11-09,21543152.150754146
2021-11-10,21789041.012677364
2021-11-11,22035561.340169124
2021-11-12,22361293.748158626
2021-11-15,22417776.307805233
2021-11-16,22339260.471318416
2021-11-17,22244680.840451412
2021-11-18,21962574.42412298
2021-11-22,21573426.066723995
2021-11-23,22107527.853123836
2021-11-24,22167206.452687435
2021-11-25,22472073.53829687
2021-11-26,21687966.150632076
2021-11-29,21078677.319844417
2021-11-30,21006582.14489477
2021-12-01,21392369.80064886
2021-12-02,22011656.61016083
2021-12-03,21864650.74419308
2021-12-06,21442172.996176723
2021-12-07,21680800.633615497
2021-12-08,21953807.67800236
2021-12-09,22054516.83255673
2021-12-10,22347239.909951214
2021-12-13,22225373.116828922
2021-12-14,22601107.69040871
2021-12-15,22437834.592720035
2021-12-16,22396533.22881413
2021-12-17,21797366.86121655
2021-12-20,20950546.483162884
2021-12-21,21193815.07323361
2021-12-22,21620174.164148334
2021-12-23,21774337.713326458
2021-12-24,21651540.312645916
2021-12-27,21939441.17257214
2021-12-28,22032410.410668377
2021-12-29,22202867.2840519
2021-12-30,22034622.726614956
2021-12-31,22346939.93411923
2022-01-03,22438098.308083538
2022-01-04,22660822.210143987
2022-01-05,22516630.45626444
2022-01-06,22917809.584473554
2022-01-07,23188789.834640447
2022-01-10,23991667.695903722
2022-01-11,23779100.623520795
2022-01-12,23852575.847362462
2022-01-13,24329400.437780324
2022-01-14,24536192.375880186
2022-01-17,24602923.962814275
2022-01-18,24378986.451763097
2022-01-19,24758480.392467443
2022-01-20,25143813.563486043
2022-01-21,24838265.28679842
2022-01-24,24024227.278783742
2022-01-25,24181963.332830373
2022-01-27,24175866.36880583
2022-01-28,24284054.269907895
2022-01-31,24604647.841385785
2022-02-01,24796151.20105547
2022-02-02,24783007.375258405
2022-02-03,24703216.551442105
2022-02-04,24829896.197281796
2022-02-07,24616050.490145642
2022-02-08,24242858.038350064
2022-02-09,24335400.690112073
2022-02-10,24785361.133652646
2022-02-11,24630264.618822057
2022-02-14,23481273.21566959
2022-02-15,23899955.697818715
2022-02-16,23826633.283985097
2022-02-17,24060036.025269467
2022-02-18,23926207.30851837
2022-02-21,23224198.56660934
2022-02-22,22949405.29882999
2022-02-23,23579462.921375234
2022-02-24,22222840.670563657
2022-02-25,23011259.530444104
2022-02-28,23397504.254047353
2022-03-02,23735352.84657379
2022-03-03,24126393.493004028
2022-03-04,23907887.11170501
2022-03-07,23162579.821776573
2022-03-08,22991508.841331664
2022-03-09,23678763.923777763
2022-03-10,24290713.44536609
2022-03-11,24402223.91987819
2022-03-14,24504606.636729423
2022-03-15,24238921.232439224
2022-03-16,24748842.432337943
2022-03-17,25090687.085789863
2022-03-21,25359883.680998985
2022-03-22,25473407.36784858
2022-03-23,25496236.926661674
2022-03-24,25856518.836674873
2022-03-25,25815483.683919135
2022-03-28,25561197.677317802
2022-03-29,25753563.675844375
2022-03-30,26250282.040184204
2022-03-31,26332380.742909614
2022-04-01,26752224.172789756
2022-04-04,27556203.20676829
2022-04-05,28079380.38749911
2022-04-06,28311335.33697535
2022-04-07,27741536.126213327
2022-04-08,28186701.304378763
2022-04-11,28277376.32063128
2022-04-12,27590082.343036905
2022-04-13,27357521.71117808
2022-04-18,27053794.43584086
2022-04-19,26985962.995472208
2022-04-20,26637885.075172678
2022-04-21,27739957.210468546
2022-04-22,27833047.93769671
2022-04-25,26959470.343538538
2022-04-26,27165663.722908273
2022-04-27,27483098.285541788
2022-04-28,27381482.81483294
2022-04-29,27399184.505852
2022-05-02,26495740.00726153
2022-05-04,25898695.094415877
2022-05-05,25514751.2846081
2022-05-06,24759170.43299601
2022-05-09,24099302.049656127
2022-05-10,23424025.939587805
2022-05-11,22833042.735907767
2022-05-12,22257510.910691474
2022-05-13,22253600.743079398
2022-05-16,22431385.73858759
2022-05-17,23496512.089618895
2022-05-18,23961168.36049292
2022-05-19,23091551.50464842
2022-05-20,23705415.17516825
2022-05-23,23738132.098969672
2022-05-24,23313283.092767928
2022-05-25,22169880.795911048
2022-05-26,22123456.203492377
2022-05-27,22451236.12171671
2022-05-30,23348295.645056937
2022-05-31,23972486.183041785
2022-06-01,24043537.663929198
2022-06-02,24107444.755686615
2022-06-03,24159302.191035125
2022-06-06,24016868.958842132
2022-06-07,23805460.41829953
2022-06-08,23551010.05689511
2022-06-09,23561460.31533322
2022-06-10,23419547.221628997
2022-06-13,22500547.158808563
2022-06-14,22256389.187754486
2022-06-15,22277696.67598996
2022-06-16,21409159.164927337
2022-06-17,21012593.67322812
2022-06-20,20000285.918207977
2022-06-21,21155053.38466916
2022-06-22,20873423.989420746
2022-06-23,21122185.44864926
2022-06-24,21431271.962595794
2022-06-27,21820687.84923825
2022-06-28,21949907.72489438
2022-06-29,21832261.031245086
2022-06-30,21503267.370112274
2022-07-01,21503349.147089813
2022-07-04,21525845.28508132
2022-07-05,21750701.408898763
2022-07-06,21834763.55094283
2022-07-07,21923538.32904189
2022-07-08,22259883.182168417
2022-07-11,22635098.675599508
2022-07-12,22732407.733979635
2022-07-13,22734171.948182516
2022-07-14,22668078.845872335
2022-07-15,23004299.58323043
2022-07-18,23524977.871102743
2022-07-19,23576869.286935262
2022-07-20,23710732.446458273
2022-07-21,24302218.20922225
2022-07-22,24523701.649438314
2022-07-25,24204212.887711935
2022-07-26,23988836.048135214
2022-07-27,23757280.0783171
2022-07-28,23845975.438859396
2022-07-29,24167320.07300704
2022-08-01,24384819.798654012
2022-08-02,24635899.310606964
2022-08-03,24956996.98367215
2022-08-04,25112870.00105954
2022-08-05,25131969.749503143
2022-08-08,25079446.704337128
2022-08-10,25247878.801383026
2022-08-11,25406907.81747342
2022-08-12,25590275.8122778
2022-08-16,26186901.717345245
2022-08-17,26516884.724287994
2022-08-18,26746878.309203155
2022-08-19,26555027.287062652
2022-08-22,26409836.707282074
2022-08-23,26278915.242781647
2022-08-24,26027811.42055417
2022-08-25,25993908.44195462
2022-08-26,25978324.51287747
2022-08-29,26190146.957526214
2022-08-30,27229100.210326202
2022-09-01,26951416.795493133
2022-09-02,26652693.280659348
2022-09-05,26885921.76588884
2022-09-06,27080817.14229265
2022-09-07,27074336.728275925
2022-09-08,27235775.691883713
2022-09-09,27297531.389088303
2022-09-12,27363298.883778244
2022-09-13,27352625.600147873
2022-09-14,27498601.00137773
2022-09-15,27949085.539677292
2022-09-16,27492142.381764084
2022-09-19,27661630.479374558
2022-09-20,28463921.062931687
2022-09-21,28426305.101170212
2022-09-22,28393765.08205095
2022-09-23,27659492.01901689
2022-09-26,26788788.432430893
2022-09-27,27097311.18309465
2022-09-28,26733597.13104692
2022-09-29,26966640.406284958
2022-09-30,27298499.560719162
2022-10-03,26796429.742619187
2022-10-04,27144196.905501463
2022-10-06,27886771.58193884
2022-10-07,28021421.038786985
2022-10-10,27660261.746337034
2022-10-11,27339793.759062864
2022-10-12,27570460.495589353
2022-10-13,27305919.316344358
2022-10-14,26889247.749343015
2022-10-17,27102763.84011755
2022-10-18,27898058.239653684
2022-10-19,27784089.298995115
2022-10-20,28079354.73579321
2022-10-21,27805214.050124265
2022-10-24,27948315.28581152
2022-10-25,27781534.63447485
2022-10-27,27826773.434325315
2022-10-28,27804127.88929663
2022-10-31,28175076.456755735
2022-11-01,28645143.69975195
2022-11-02,28350539.010639686
2022-11-03,28259467.05958988
2022-11-04,28794205.634129066
2022-11-07,29198967.82525303
2022-11-09,29677973.50985386
2022-11-10,29365297.197796363
2022-11-11,29340164.270329017
2022-11-14,29250967.42667057
2022-11-15,29224428.876324195
2022-11-16,28889559.753506202
2022-11-17,28629830.716335792
2022-11-18,28382577.5143552
2022-11-21,28419904.91910221
2022-11-22,28468685.702969093
2022-11-23,28322845.561153907
2022-11-24,28238033.104008216
2022-11-25,28110773.884892005
2022-11-28,27996872.379841346
2022-11-29,27884793.830242652
2022-11-30,28456887.88737156
2022-12-01,28395606.980938453
2022-12-02,28169004.33297262
2022-12-05,28093778.71753988
2022-12-06,28216134.654131982
2022-12-07,28202676.88828573
2022-12-08,28442570.973567102
2022-12-09,28229734.358111475
2022-12-12,28108442.266635034
2022-12-13,28689143.18439016
2022-12-14,28658000.159064386
2022-12-15,28352836.53440008
2022-12-16,28049912.217387293
2022-12-19,28188949.85560522
2022-12-20,28096707.282366846
2022-12-21,26929592.27902517
2022-12-22,26060531.766440485
2022-12-23,24934665.053359125
2022-12-26,26084530.210517023
2022-12-27,26342663.999579523
2022-12-28,26819356.258231256
2022-12-29,26819728.49815664
2022-12-30,26713535.346694086
2023-01-02,26796921.3225852
2023-01-03,26653073.17107256
2023-01-04,26344919.082403738
2023-01-05,26511370.737661917
2023-01-06,26372785.467367727
2023-01-09,26721114.45773943
2023-01-10,26103850.629965384
2023-01-11,26051612.483908255
2023-01-12,26074263.113318045
2023-01-13,26121124.06032427
2023-01-16,25855051.388891775
2023-01-17,26117848.63619097
2023-01-18,26403351.203146536
2023-01-19,26227640.75627764
2023-01-20,26196274.425146658
2023-01-23,26111632.5649782
2023-01-24,26151253.3832918
2023-01-25,25685205.385901053
2023-01-27,24870551.221426565
2023-01-30,24782287.237036306
2023-01-31,25387898.8704439
2023-02-01,24436662.471335012
2023-02-02,24141055.159951873
2023-02-03,23856753.049855895
2023-02-06,23586090.284398742
2023-02-07,23441737.519513793
2023-02-08,23468295.9083497
2023-02-09,23086212.876496978
2023-02-10,22881142.657792754
2023-02-13,22372619.511354156
2023-02-14,22194577.228826232
2023-02-15,22197927.55932016
2023-02-16,22934290.46605272
2023-02-17,23049301.67560167
2023-02-20,23207696.47672052
2023-02-21,23447807.099199004
2023-02-22,22764877.125650115
2023-02-23,22646639.65269441
2023-02-24,22476206.32888002
2023-02-27,22027310.05960054
2023-02-28,22175236.75250215
2023-03-01,22820116.189674087
2023-03-02,23062330.670828156
2023-03-03,23291055.90616446
2023-03-06,23508991.950559907
2023-03-08,23999935.914251618
2023-03-09,24091613.732229523
2023-03-10,24129552.11797934
2023-03-13,23848399.79894858
2023-03-14,23450918.460768037
2023-03-15,23417010.677542023
2023-03-16,23221070.695417695
2023-03-17,23319701.427763276
2023-03-20,22854223.799337678
2023-03-21,23170347.07108908
2023-03-22,23285862.517134003
2023-03-23,22992836.132665925
2023-03-24,22706881.64987021
2023-03-27,22489952.67189627
2023-03-28,22337338.18504172
2023-03-29,22971173.01112967
2023-03-31,23702920.71324759
2023-04-03,23597450.840353303
2023-04-05,23743893.9221189
2023-04-06,23862772.003951784
2023-04-10,23883107.687919375
2023-04-11,24291276.631103273
2023-04-12,24422669.354873415
2023-04-13,24452042.73873877
2023-04-17,24563179.137763735
2023-04-18,24580240.303481814
2023-04-19,24491161.54635596
2023-04-20,24350233.342010256
2023-04-21,24681141.264686342
2023-04-24,24990602.376823183
2023-04-25,24949000.459930178
2023-04-26,24963310.20852637
2023-04-27,25058238.247604128
2023-04-28,25421601.908202883
2023-05-02,25691519.278373476
2023-05-03,25687681.104867496
2023-05-04,25835002.244531192
2023-05-05,25786074.572335757
2023-05-08,25932429.27380518
2023-05-09,25946590.244012393
2023-05-10,26155248.55202631
2023-05-11,26242914.884744205
2023-05-12,26247228.26067499
2023-05-15,26400710.352387942
2023-05-16,26743329.591409244
2023-05-17,27126340.68521265
2023-05-18,26869405.16214899
2023-05-19,26817359.981774844
2023-05-22,26803900.25866846
2023-05-23,27016864.013932742
2023-05-24,27046647.184396304
2023-05-25,27292483.067346133
2023-05-26,27754903.005311526
2023-05-29,27988698.937768497
2023-05-30,28142765.867867984
2023-05-31,28300925.34966425
2023-06-01,28205778.55366663
2023-06-02,28387416.88486059
2023-06-05,29253460.812656
2023-06-06,29509304.053912714
2023-06-07,29585084.225940302
2023-06-08,29471935.420474604
2023-06-09,29599542.181186274
2023-06-12,29954146.876987055
2023-06-13,30161546.918719843
2023-06-14,30061958.95819433
2023-06-15,30281391.537524775
2023-06-16,31507855.709994867
2023-06-19,31363320.733356073
2023-06-20,31804158.56038244
2023-06-21,31320619.78848608
2023-06-22,31209138.234958246
2023-06-23,30618715.62274511
2023-06-26,31195382.078967646
2023-06-27,31527118.443393305
2023-06-28,31878867.93550451
2023-06-30,31943638.219089106
2023-07-03,32576444.86545141
2023-07-04,32180831.09674909
2023-07-05,32765568.61689832
2023-07-06,32800412.17813947
2023-07-07,32678514.207283758
2023-07-10,33172233.61337354
2023-07-11,34218691.013764165
2023-07-12,34931938.672287725
2023-07-13,34710715.16151502
2023-07-14,34410960.48429944
2023-07-17,35137209.561280034
2023-07-18,35320999.44813611
2023-07-19,35510334.59250715
2023-07-20,36561195.19149854
2023-07-21,37232276.035317205
2023-07-24,37236782.09508588
2023-07-25,36431020.243607305
2023-07-26,37015310.84043958
2023-07-27,36771860.659928106
2023-07-28,36969534.78411176
2023-07-31,37046038.766777776
2023-08-01,37065790.42300489
2023-08-02,36390674.05106806
2023-08-03,36419273.519757025
2023-08-04,36407398.2767837
2023-08-07,36628637.714573614
2023-08-08,36712535.97984766
2023-08-09,37349802.9576919
2023-08-10,37097965.902950995
2023-08-11,36863692.9686706
2023-08-14,37140951.6438949
2023-08-16,37756960.24167322
2023-08-17,37710747.34480738
2023-08-18,37150057.86491846
2023-08-21,37906113.38586115
2023-08-22,38150569.472370856
2023-08-23,38242165.035015814
2023-08-24,38297135.393246405
2023-08-25,37912809.99673151
2023-08-28,38220565.972370856
2023-08-29,38085763.70579218
2023-08-30,38246935.15859675
2023-08-31,38714026.360493414
2023-09-01,39593616.69454645
2023-09-04,40991254.75893053
2023-09-05,41208080.40842088
2023-09-06,40742039.334919296
2023-09-07,41782623.35047563
2023-09-08,43284468.60328325
2023-09-11,45117061.80552324
2023-09-12,42549625.98042711
2023-09-13,42621710.93139299
2023-09-14,43101661.209431015
2023-09-15,43538758.51294359
2023-09-18,43260730.0968593
2023-09-20,43046526.18013414
2023-09-21,42386212.4544185
2023-09-22,42787712.38656267
2023-09-25,42693064.383961044
2023-09-26,42583597.4781154
2023-09-27,43153710.586956345
2023-09-28,42646333.23812517
2023-09-29,43152024.75259813
2023-10-03,43067358.970150314
2023-10-04,42248965.01877602
2023-10-05,42553278.87605294
2023-10-06,42676931.93408211
2023-10-09,41354176.53156289
2023-10-10,42306150.52481087
2023-10-11,42312060.87001809
2023-10-12,42154743.37851723
2023-10-13,42438026.08284768
2023-10-16,42557913.125091635
2023-10-17,42730829.294311605
2023-10-18,42238107.09808358
2023-10-19,42198743.08536538
2023-10-20,41778636.77745827
2023-10-23,39813815.783470236
2023-10-25,39375078.02384194
2023-10-26,39148781.38835915
2023-10-27,40891262.2701722
2023-10-30,40667343.6520768
2023-10-31,40684048.80409249
2023-11-01,40311792.66104134
2023-11-02,40728587.25132781
2023-11-03,41456898.47758514
2023-11-06,41703348.883362114
2023-11-07,42229535.58831817
2023-11-08,42649055.018066704
2023-11-09,42886777.334976494
2023-11-10,43254215.87158233
2023-11-13,44323727.63690215
2023-11-15,45057326.877929986
2023-11-16,45319064.89750701
2023-11-17,46017231.21913177
2023-11-20,46853877.95979339
2023-11-21,46585182.042236626
2023-11-22,46066846.34941131
2023-11-23,46384746.674698174
2023-11-24,46564636.33277923
2023-11-28,46502745.64199859
2023-11-29,46716968.17222625
2023-11-30,47377273.9523471
2023-12-01,48564375.58338958
2023-12-04,49750155.41265226
2023-12-05,49519963.62410856
2023-12-06,49412450.19062925
2023-12-07,49376514.20059324
2023-12-08,49454081.209359415
2023-12-11,50071874.485825785
2023-12-12,50659985.50757719
2023-12-13,51614919.94102598
2023-12-14,51881695.43837858
2023-12-15,52820773.92074705
2023-12-18,53032729.445611246
2023-12-19,53381949.377206095
2023-12-20,51818167.440087564
2023-12-21,53048184.60756803
2023-12-22,53028192.43283964
2023-12-26,52947546.46972013
2023-12-27,52515480.84610105
2023-12-28,52287053.62761808
2023-12-29,52895791.25505186
2024-01-01,53549751.70926786
2024-01-02,53755010.47800832
2024-01-03,53661747.20053487
2024-01-04,53975254.559619956
2024-01-05,54607863.574001364
2024-01-08,54624271.42043691
2024-01-09,55054206.820713095
2024-01-10,54877293.82901388
2024-01-11,55226745.31991201
2024-01-12,55864088.08208852
2024-01-15,55987942.25551992
2024-01-16,55509549.574497275
2024-01-17,55318535.7308312
2024-01-18,55379905.55230337
2024-01-19,55955441.77987295
2024-01-23,54472543.96569448
2024-01-24,56255178.0890389
2024-01-25,56927516.13846212
2024-01-29,57276971.553691916
2024-01-30,57395436.78030782
2024-01-31,58699778.459461264
2024-02-01,59629560.29393392
2024-02-02,60211593.521313
2024-02-05,60730866.32944898
2024-02-06,60733208.746502206
2024-02-07,62018571.608013436
2024-02-08,62950035.442699715
2024-02-09,62183241.61695509
2024-02-12,59785184.94776563
2024-02-13,60000233.21650343
2024-02-14,62492494.21618299
2024-02-15,63173377.01473646
2024-02-16,62913063.98112135
2024-02-19,63495247.95573072
2024-02-20,63700568.42162733
2024-02-21,62623938.123028085
2024-02-22,63022269.472835824
2024-02-23,63798327.779400155
2024-02-26,64258325.84824781
2024-02-27,64990897.39013319
2024-02-28,64681217.2844203
2024-02-29,66395451.588512704
2024-03-01,67160148.20461683
2024-03-04,67128824.93949103
2024-03-05,66436745.18888832
2024-03-06,64674902.70869423
2024-03-07,65751736.524799116
2024-03-11,64973383.96010185
2024-03-12,63699213.31400276
2024-03-13,60001145.485004194
2024-03-14,60684656.125938185
2024-03-15,60820856.038059
2024-03-18,59846031.97016121
2024-03-19,58693911.266864546
2024-03-20,58308315.04196907
2024-03-21,61191182.44179512
2024-03-22,61816267.05426384
2024-03-26,62400914.39474846
2024-03-27,63035328.440761335
2024-03-28,63948953.60119987
2024-04-01,65714959.771655805
2024-04-02,65882020.30412528
2024-04-03,68206077.94484183
2024-04-04,68752515.62677619
2024-04-05,68786209.11290976
2024-04-08,68725956.29780814
2024-04-09,68238016.43129966
2024-04-10,68013781.05074546
2024-04-12,67429125.85467002
2024-04-15,66093508.13640067
2024-04-16,66639600.013842076
2024-04-18,66739633.368067235
2024-04-19,66665816.34202048
2024-04-22,68102207.87232444
2024-04-23,70435438.66300437
2024-04-24,71115091.27349707
2024-04-25,72801358.31148764
2024-04-26,73529739.75710532
2024-04-29,73092299.45203635
2024-04-30,73613445.02384421
2024-05-02,75181949.86087653
2024-05-03,74941005.16776365
2024-05-06,73697798.93766111
2024-05-07,71561477.4975366
2024-05-08,71536754.11486143
2024-05-09,69777189.57834715
2024-05-10,69740934.38378233
2024-05-13,69845542.25214475
2024-05-14,71789736.74863523
2024-05-15,73498757.27510923
2024-05-16,75423035.09569639
2024-05-17,76707604.80194944
2024-05-21,78613505.03760618
2024-05-22,79640376.00421995
2024-05-23,80107246.56136411
2024-05-24,80632054.7236566
2024-05-27,80409890.3279962
2024-05-28,78170722.37691587
2024-05-29,77823108.43583006
2024-05-30,77202993.75110716
2024-05-31,79372951.07677549
2024-06-03,81985015.56522459
2024-06-04,75310281.68918462
2024-06-05,77294303.8140244
2024-06-06,78496978.48174901
2024-06-07,78966404.88304754
2024-06-10,78907495.40941472
2024-06-11,79688691.3382401
2024-06-12,80669606.06447454
2024-06-13,81043884.0983109
2024-06-14,81692686.23722692
2024-06-18,82640655.09145208
2024-06-19,81681567.4487824
2024-06-20,82036048.09934087
2024-06-21,82636783.95574804
2024-06-24,82209747.74307103
2024-06-25,81909793.14804693
2024-06-26,81700484.68505712
2024-06-27,82404142.98244329
2024-06-28,83384041.22238775
2024-07-01,84150555.00148626
2024-07-02,83658923.58911237
2024-07-03,84861656.7369853
2024-07-04,87052772.71000776
2024-07-05,88993044.70346555
2024-07-08,90148223.63221464
2024-07-09,89248061.11993131
2024-07-10,89055756.42001447
2024-07-11,90460770.43046674
2024-07-12,91169984.02382383
2024-07-15,91135729.32888517
2024-07-16,90574882.41980466
2024-07-18,88444892.65266523
2024-07-19,86543052.93440732
2024-07-22,86250979.40483198
2024-07-23,85511014.82226667
2024-07-24,88269195.31834516
2024-07-25,87821763.01100263
2024-07-26,88186512.52954206
2024-07-29,89697979.3856593
2024-07-30,90866501.26126203
2024-07-31,91472491.30286512
2024-08-01,91417762.80140027
2024-08-02,92083940.31886648
2024-08-05,87788623.70096944
2024-08-06,85784271.57814382
2024-08-07,88606559.7739446
2024-08-08,88268773.38550161
2024-08-09,89422728.51169942
2024-08-12,89081501.33770345
2024-08-13,87303878.24442647
2024-08-14,87021122.84086202
2024-08-16,88130864.16374563
2024-08-19,88670175.8598287
2024-08-20,88165845.7357366
2024-08-21,88142532.40342306
2024-08-22,87317260.72678731
2024-08-23,87742893.68558858
2024-08-26,86929496.60247396
2024-08-27,86915759.686321
2024-08-28,88072218.87059377
2024-08-29,87474263.50299428
2024-08-30,87207948.27741598
2024-09-02,86572141.11667226
2024-09-03,86370616.97019196
2024-09-04,85784663.16711426
2024-09-05,85918844.75974274
2024-09-06,83814500.62360382
2024-09-09,83609085.41140747
2024-09-10,85144482.97410583
2024-09-11,84438104.99687958
2024-09-12,85114884.2217865
2024-09-13,85305551.99206543
2024-09-16,84668146.76475525
2024-09-17,84289031.90342712
2024-09-18,82846704.17701721
2024-09-19,81230698.92275238
2024-09-20,83814101.87928772
2024-09-23,82714290.84015656
2024-09-24,82848131.48254395
2024-09-25,82681476.75379181
2024-09-26,82515665.28813171
2024-09-27,83323304.1207962
2024-09-30,83105455.93919373
2024-10-01,82333174.40898132
2024-10-03,80656868.22044343
2024-10-04,80560030.24266785
2024-10-07,78220800.43151063
2024-10-08,81736841.29871339
2024-10-09,83008318.44979829
2024-10-10,82702254.52402467
2024-10-11,83194959.15953797
2024-10-14,83547320.33978242
2024-10-15,84673039.92010468
2024-10-16,84125128.64994782
2024-10-17,82329659.75763673
2024-10-18,82138687.63570374
2024-10-21,80265275.89128083
2024-10-22,77545448.64383668
2024-10-23,77787463.5455243
2024-10-24,78246846.90828675
2024-10-25,75552060.82662934
2024-10-28,76637239.78354615
2024-10-29,77742119.25673646
2024-10-30,79229353.52589387
2024-10-31,80925578.19016999
2024-11-01,82022947.46594208
2024-11-04,81668037.58379449
2024-11-05,81556627.40514459
2024-11-06,83345107.85356988
2024-11-07,81672369.19548883
2024-11-08,80019094.4273919
2024-11-11,80622120.1036004
2024-11-12,80408582.43456353
2024-11-13,78019754.00530328
2024-11-14,77780910.4268731
2024-11-18,77578405.3536004
2024-11-19,79570115.82293023
2024-11-21,79047958.70369805
2024-11-22,80267997.9838189
2024-11-25,82656714.38411798
2024-11-26,81542750.28829278
2024-11-27,82469546.05669488
2024-11-28,82277606.52208795
2024-11-29,82555897.1690606
2024-12-02,83828474.87819757
2024-12-03,85272052.04755236
2024-12-04,85036404.16181017
2024-12-05,85469422.54904772
2024-12-06,86430298.96732165
2024-12-09,86886006.11546923
2024-12-10,86461644.59827258
2024-12-11,86754715.82576586
2024-12-12,86558402.29465319
2024-12-13,85865830.22914721
2024-12-16,87067515.71155383
2024-12-17,87143692.70633532
2024-12-18,86645599.90651537
2024-12-19,87196412.74613024
2024-12-20,85985566.19090869
2024-12-23,85398186.95944811
2024-12-24,85722288.637625
2024-12-26,85720902.51222827
2024-12-27,85981752.31224658
2024-12-30,85996455.32333972
2024-12-31,86165161.10185839
2025-01-01,87258660.72550036
2025-01-02,87760794.14832798
2025-01-03,88145578.27906528
2025-01-06,85858394.85767856
2025-01-07,86066617.48859897
2025-01-08,84927304.62556186
2025-01-09,83805865.55164829
2025-01-10,82212239.95002475
2025-01-13,78740679.61475864
2025-01-14,79499191.0863773
2025-01-15,78913421.75312534
2025-01-16,79471710.53278843
2025-01-17,79399350.48139682
2025-01-20,78964459.51331821
2025-01-21,76869501.98536411
2025-01-22,75250858.23750034
2025-01-23,77417913.02399936
2025-01-24,75235570.35279575
2025-01-27,72051617.5843021
2025-01-28,70566413.9896976
2025-01-29,72594815.30744663
2025-01-30,73295170.34498325
2025-01-31,75884711.86652866
2025-02-01,76875126.95429721
2025-02-03,75607938.1826312
2025-02-04,77065950.93659848
2025-02-05,79109633.97544736
2025-02-06,78630741.51444882
2025-02-07,79625783.69169492
2025-02-10,76645527.17872494
2025-02-11,74939099.57548398
2025-02-12,75114005.16065854
2025-02-13,74559982.8413226
2025-02-14,70718233.2750079
2025-02-17,71366447.39173764
2025-02-18,69421692.43134946
2025-02-19,70373481.96174496
2025-02-20,71333888.5027911
2025-02-21,70616597.46687192
2025-02-24,69640640.60911435
2025-02-25,69187338.88325375
2025-02-27,67211763.93675107
2025-02-28,66564083.3058917
2025-03-03,67128242.50871152
2025-03-04,69074787.82126568
2025-03-05,70707799.96878766
2025-03-06,71623231.53025006
2025-03-07,71938379.65470074
2025-03-10,71554224.91373394
2025-03-11,71837452.09690045
2025-03-12,71201658.90482281
2025-03-13,71175634.59024762
2025-03-17,72160729.02201031
2025-03-18,72842912.36222027
2025-03-19,75733998.21829937
2025-03-20,76481761.84397076
2025-03-21,77641753.85605572
2025-03-24,77829056.99417828
2025-03-25,75927664.71439312
2025-03-26,74959528.98911236
2025-03-27,76866691.50907086
2025-03-28,76272916.39084576
2025-04-01,75515453.72446392
2025-04-02,76377055.80460739
2025-04-03,76790841.78037643
2025-04-04,73190363.86137009
2025-04-07,68722731.3271904
2025-04-08,70881901.62958908
2025-04-09,70337955.59202194
2025-04-11,73587905.03733444
2025-04-15,77496158.70991135
2025-04-16,77904340.21415329
2025-04-17,78284368.41404343
2025-04-21,79196452.89597702
2025-04-22,79833782.50474167
2025-04-23,79897096.90302658
2025-04-24,79942094.075634
2025-04-25,77790650.79984665
2025-04-28,78926352.31873703
2025-04-29,79553317.22413254
2025-04-30,78620931.11164474
2025-05-02,78017243.15449142
2025-05-05,78710582.75631939
2025-05-06,76888503.60934673
2025-05-07,78026489.54059063
2025-05-08,75968123.96991192
2025-05-09,75760868.33832012
2025-05-12,78661292.8315147
2025-05-13,78458430.2179588
2025-05-14,78162506.32702862
2025-05-15,78024610.62948833
2025-05-16,78330547.98953472
2025-05-19,79412699.88070904
2025-05-20,78699316.74286114
2025-05-21,78689843.16556011
2025-05-22,77632761.1414207
2025-05-23,78174257.29107891
2025-05-26,78119465.76654278
2025-05-27,77732999.4148582
2025-05-28,77924313.5122398
2025-05-29,77490366.27658306
2025-05-30,78053146.85415874
2025-06-02,78332965.93725811
2025-06-03,77993077.1387226
2025-06-04,78465932.39998358
2025-06-05,79386223.59941596
2025-06-06,79261990.6026203
2025-06-09,79411056.20390815
2025-06-10,79420174.42580146
2025-06-11,81665650.94319648
2025-06-12,80045194.63640326
2025-06-13,79498041.28618354
2025-06-16,79928769.82631415
2025-06-17,79230619.0651142
2025-06-18,79434669.3178913
2025-06-19,78152851.41808051
2025-06-20,78364301.05547065
2025-06-23,78606542.54680365
2025-06-24,79734368.80516547
2025-06-25,79655462.84312934
2025-06-26,79629933.14165229
2025-06-27,79741393.39470404
2025-06-30,80857764.856435
2025-07-01,79839240.70506781
2025-07-02,80088864.98089907
2025-07-03,81287141.15326235
2025-07-04,79832545.52844545
2025-07-07,78966124.55432436
2025-07-08,77562755.49365541
2025-07-09,78697781.32446596
2025-07-10,78374703.14734194
2025-07-11,78109036.33264467
2025-07-14,78772559.24585268
2025-07-15,80110210.43207094
2025-07-16,80491041.5443146
2025-07-17,79929560.73382875
2025-07-18,79373103.64752504
2025-07-21,80318879.29352114
2025-07-22,80658117.88812563
2025-07-23,81150136.7757599
2025-07-24,81509892.53869936
2025-07-25,79714938.41076967
2025-07-28,79491753.9340851
2025-07-29,80694578.51074526
2025-07-30,80306917.21991274
2025-07-31,80786652.30621645
2025-08-01,79254592.76990053
2025-08-04,81696611.24040921
2025-08-05,81324321.8483804
2025-08-06,81798768.13341458
2025-08-07,82031948.3917764
2025-08-08,80915468.1226724
2025-08-11,82384929.83403714
2025-08-12,82263388.31493314
2025-08-13,84071446.96465237
2025-08-14,83965442.47270902
2025-08-18,85113371.41448148
2025-08-19,85470216.54241116
2025-08-20,85784964.98491605
2025-08-21,84734982.49657376
2025-08-22,84820460.63713773
2025-08-25,84535206.97844632
2025-08-26,83102305.23699124
2025-08-28,81781655.74242337
2025-08-29,81076088.9353555
2025-09-01,82444463.48644193
2025-09-02,82984367.92444801
2025-09-03,83813764.3147068
2025-09-04,83004329.16443825
2025-09-05,83534116.26319313
2025-09-08,83986887.0601902
2025-09-09,84344317.9047947
2025-09-10,83946372.60779762
2025-09-11,83137608.92518044
2025-09-12,83797558.72266579
2025-09-15,84009784.12232399
2025-09-16,83966831.41614723
2025-09-17,84425458.20496559
2025-09-18,84618106.76050758
2025-09-19,84387406.42835426
2025-09-22,83445402.63306618
2025-09-23,83152000.22339821
2025-09-24,82354487.49451637
2025-09-25,82213138.65406227
2025-09-26,80435153.50489235
2025-09-29,80770963.43677711
2025-09-30,80326557.21875954
2025-10-01,81701366.5157566
2025-10-03,82013747.44181453
2025-10-06,83561311.60367976
2025-10-07,83301914.72013484
2025-10-08,83243473.77189265
2025-10-09,83825937.60337459
2025-10-10,84808888.9164239
2025-10-13,86014912.44486628
2025-10-14,86152141.32914363
2025-10-15,86389635.33909236
2025-10-16,87095939.4898492
2025-10-17,88047983.40562068
2025-10-20,88645533.98093806
2025-10-21,88948390.89188777
2025-10-23,87640754.93113337
2025-10-24,86913018.25620662
2025-10-27,87644264.92924128
2025-10-28,87646605.74729548
2025-10-29,88109842.39023982
2025-10-30,88459699.82755671
2025-10-31,89614633.41984187
2025-11-03,91504824.25553523
2025-11-04,91644811.1908909
2025-11-06,91626313.19235574
2025-11-07,93410967.07651101
2025-11-10,93638261.21637307
2025-11-11,92442890.83139382
2025-11-12,92157020.9103428
2025-11-13,91621195.31662332
2025-11-14,92135663.70679055
2025-11-17,93289948.5350071
2025-11-18,92264335.08938943
2025-11-19,92121597.46081887
2025-11-20,92309224.02115212
2025-11-21,90807185.35446511
2025-11-24,90841092.68817483
2025-11-25,91107244.7495762
2025-11-26,92992146.54660378
2025-11-27,93121593.14017068
2025-11-28,94361208.84622537
2025-12-01,94961860.80893289
2025-12-02,94085975.40280843
2025-12-03,93242089.71555257
2025-12-04,92788958.95932698
2025-12-05,93765841.65769124
2025-12-08,92193545.06833577
2025-12-09,92751361.8741219
2025-12-10,92393360.72629476
2025-12-11,93375557.60996175
2025-12-12,94445500.65793538
2025-12-15,93689668.10874104
2025-12-16,93087846.49985433
2025-12-17,93077060.40073323
2025-12-18,93175631.27072835
2025-12-19,94653047.86557698
2025-12-22,96055725.6911385
2025-12-23,96081903.44699788
2025-12-24,97252712.8038094
2025-12-26,97021362.76657796
2025-12-29,96922897.4720223
2025-12-30,98143548.99497151
2025-12-31,99932671.42014241
