exit_date,ticker,shares,avg_cost,exit_price,gross_proceeds,exit_cost,realised_pnl,return_pct,closed_fully
2021-02-02,NAVINFLUOR.NS,419,2601.577494140625,2469.144775390625,1034571.6608886719,1034.5716608886719,-56523.88081713859,-0.05185387090302776,True
2021-02-02,DRREDDY.NS,155,1016.3984396972655,863.2850952148438,133809.18975830078,133.8091897583008,-23866.37758453368,-0.15149239074343582,False
2021-02-02,DIXON.NS,72,2751.3582287597656,3132.4931640625,225539.5078125,225.5395078125,27216.175833984365,0.13738757759256398,False
2021-02-02,HINDUNILVR.NS,66,2211.1630556640625,2030.48046875,134011.7109375,134.0117109375,-12059.062447265635,-0.08263210933937197,False
2021-02-02,OFSS.NS,2,2549.2698676757814,2478.909912109375,4957.81982421875,4.95781982421875,-145.6777309570316,-0.028572442016476036,False
2021-03-02,CGPOWER.NS,3124,43.39911412203919,56.80098724365234,177446.2841491699,177.44628414916988,41690.00534777032,0.3074964179416863,False
2021-03-02,HINDUNILVR.NS,345,2211.1630556640625,1982.6875,684027.1875,684.0271875,-79508.09389160166,-0.1042248976500066,True
2021-03-02,INFY.NS,253,1096.4987236328125,1124.053955078125,284385.6506347656,284.3856506347656,6687.087905029301,0.02410506908997139,False
2021-03-02,DRREDDY.NS,203,1016.3984396972655,848.3015747070312,172205.21966552734,172.20521966552735,-34295.86881268307,-0.16621942730968928,True
2021-03-02,LAURUSLABS.NS,167,353.25393252563475,356.0188293457031,59455.14450073242,59.45514450073242,402.28262445068685,0.006819111604788347,False
2021-03-02,DIXON.NS,22,2751.3582287597656,3764.675537109375,82822.86181640625,82.82286181640625,22210.157921875012,0.36692882164878193,False
2021-04-05,CIPLA.NS,1283,775.4325558471679,782.2442016601562,1003619.3107299805,1003.6193107299805,7735.722267334,0.007775533237369632,True
2021-04-05,LAURUSLABS.NS,1152,353.25393252563475,367.52386474609375,423387.4921875,423.3874921875,16015.574425781262,0.039355282632852324,False
2021-04-05,TATACOMM.NS,876,1005.1539264665159,1027.9305419921875,900467.1547851562,900.4671547851563,19051.84804570314,0.02163716860773153,False
2021-04-05,INFY.NS,707,1096.4987236328125,1214.8743896484375,858916.1934814453,858.9161934814454,82832.67967956548,0.10684991154190399,True
2021-04-05,CGPOWER.NS,557,43.39911412203919,65.64218139648438,36562.6950378418,36.5626950378418,12352.825776828126,0.5110110089041294,False
2021-04-05,MARICO.NS,527,377.2127428894043,377.1269226074219,198745.88821411133,198.74588821411135,-243.97317681886489,-0.0012272841077524488,True
2021-04-05,OFSS.NS,246,2531.216833232105,2414.912353515625,594068.4389648438,594.0684389648437,-29204.970449218876,-0.04690210277971442,True
2021-04-05,ADANIGREEN.NS,137,1083.159317355495,1164.199951171875,159495.39331054688,159.4953933105469,10943.071439533494,0.07374393829729886,False
2021-04-05,BRITANNIA.NS,127,3195.95573318121,3359.314697265625,426632.9665527344,426.6329665527344,20319.95547216799,0.05006316192868169,True
2021-05-04,LAURUSLABS.NS,2849,353.25393252563475,482.8206787109375,1375556.113647461,1375.556113647461,367760.10376828,0.36541398020310645,False
2021-05-04,CGPOWER.NS,1023,43.39911412203919,75.6194076538086,77358.65402984619,77.35865402984619,32884.00162897026,0.7406758127302813,False
2021-05-04,COHANCE.NS,871,466.70901010131837,528.574462890625,460388.3571777344,460.3883571777344,53424.42102230835,0.13142424294122868,True
2021-05-04,AFFLE.NS,561,1087.0459208984375,1095.1300048828125,614367.9327392578,614.3679327392579,3920.803182495176,0.006429308868309776,True
2021-05-04,NEULANDLAB.NS,449,2262.6045825195315,2526.455810546875,1134378.6589355469,1134.3786589355468,117334.82272534154,0.11549732296829221,True
2021-05-04,DIXON.NS,298,2820.582345234639,4125.1103515625,1229282.884765625,1229.282884765625,387520.063000937,0.46104057134631204,False
2021-05-04,TATACOMM.NS,197,1005.1539264665159,1011.1610717773438,199198.73114013672,199.19873114013672,984.2088950929465,0.004970367331313328,True
2021-05-04,ADANIGREEN.NS,54,1083.159317355495,1045.0999755859375,56435.398681640625,56.43539868164063,-2111.639854237743,-0.03610220686705244,False
2021-06-02,APLAPOLLO.NS,1394,649.9320586547851,627.2865600585938,874437.4647216797,874.4374647216797,-32442.26250781247,-0.03580802769510935,True
2021-06-02,ADANIGREEN.NS,1318,1083.159317355495,1299.800048828125,1713136.4643554688,1713.136464355469,283819.34761657077,0.19880817897550937,False
2021-06-02,GRASIM.NS,495,1372.3720997314454,1396.4661865234375,691250.7623291016,691.2507623291016,11235.322199707036,0.016538969722504834,True
2021-06-02,ADANIENT.NS,282,1150.3759864734325,1542.3123779296875,434932.0905761719,434.9320905761719,110091.13030008774,0.33936215956237825,False
2021-06-02,PERSISTENT.NS,204,1059.3212023925782,1190.3052978515625,242822.28076171875,242.82228076171876,26477.933192871074,0.12252543408739582,False
2021-07-02,POONAWALLA.NS,10416,148.52807940673827,151.9890594482422,1583118.0432128906,1583.1180432128906,34466.45006909198,0.022278554972720955,True
2021-07-02,GPIL.NS,7669,212.00650660295295,318.1380615234375,2439800.793823242,2439.800793823242,811483.0938913727,0.4991045725645067,True
2021-07-02,ADANIGREEN.NS,198,1083.159317355495,1015.2999877929688,201029.3975830078,201.0293975830078,-13637.1766509632,-0.06358679507874686,True
2021-07-02,DIXON.NS,121,2960.5441974892615,4509.02294921875,545591.7768554688,545.5917768554688,186820.33718241256,0.5215155139685663,True
2021-08-03,CDSL.NS,2632,488.45415270996097,649.5055541992188,1709498.6186523438,1709.4986186523438,422177.79010107415,0.32838679954944217,True
2021-08-03,ATGL.NS,2244,1140.5872812431187,900.68017578125,2021126.314453125,2021.1263144531251,-540372.6709708862,-0.21112613615609935,True
2021-08-03,JSWSTEEL.NS,1224,632.4689953613281,703.5936889648438,861198.6752929688,861.1986752929688,86195.42629541014,0.11134316532673567,True
2021-08-03,PERSISTENT.NS,733,1133.7302247757639,1475.9588623046875,1081877.846069336,1081.8778460693359,249771.71346263157,0.300558873019386,False
2021-08-03,INFY.NS,193,1226.430464792335,1441.6336669921875,278235.2977294922,278.2352977294922,41255.98272684205,0.17429570992355892,False
2021-08-03,COLPAL.NS,171,1508.2054291992188,1492.56396484375,255228.43798828125,255.22843798828126,-2929.918842773448,-0.011360540141676766,True
2021-08-03,LAURUSLABS.NS,161,512.2130275271489,637.655029296875,102662.45971679688,102.66245971679687,20093.499825209103,0.24365711146191843,False
2021-08-03,DIVISLAB.NS,63,4370.589856445313,4836.88427734375,304723.70947265625,304.72370947265625,29071.824807128927,0.10558243893340444,False
2021-09-02,CGPOWER.NS,14607,46.85910498621882,88.95529174804688,1299369.9465637207,1299.3699465637208,613599.6300834588,0.8964582546430256,False
2021-09-02,LAURUSLABS.NS,2123,512.2130275271489,647.2582397460938,1374129.242980957,1374.129242980957,285326.85629783897,0.262386832736454,False
2021-09-02,APLAPOLLO.NS,875,888.3803517456055,840.1220703125,735106.8115234375,735.1068115234375,-42961.10306549072,-0.05526732261349886,False
2021-09-02,DIVISLAB.NS,55,4370.589856445313,5010.65283203125,275585.90576171875,275.5859057617188,34927.87775146487,0.1453012850925361,True
2021-09-02,INFY.NS,8,1226.430464792335,1471.1595458984375,11769.2763671875,11.7692763671875,1946.0633724816325,0.19834628097027387,False
2021-10-04,CGPOWER.NS,8847,46.85910498621882,125.01156616210938,1105977.3258361816,1105.9773258361818,690308.8466972676,1.6651502335069392,False
2021-10-04,GPIL.NS,6750,368.6793927512298,313.511474609375,2116202.4536132812,2116.2024536132812,-374499.6499111331,-0.1504869290427112,True
2021-10-04,PERSISTENT.NS,834,1412.4249435202148,1788.281005859375,1491426.3588867188,1491.4263588867188,311972.5296319728,0.2648408207808934,True
2021-10-04,APLAPOLLO.NS,647,888.3803517456055,860.3675537109375,556657.8072509766,556.6578072509766,-18680.93813568121,-0.032500905194093085,True
2021-10-04,GRASIM.NS,559,1538.679727601082,1598.628662109375,893633.4221191406,893.6334221191406,32617.820968016516,0.03792232054500121,False
2021-10-04,LAURUSLABS.NS,420,512.2130275271489,611.1597900390625,256687.11181640625,256.68711181640623,41300.953143187304,0.1919818462966806,True
2021-10-04,TATAELXSI.NS,205,4175.487554437291,5593.32958984375,1146632.5659179688,1146.6325659179688,289510.98469240626,0.3382236654772972,False
2021-10-04,ADANIENT.NS,177,1216.8256922598498,1523.249755859375,269615.2067871094,269.6152067871094,53967.444050328835,0.2505706575585314,False
2021-10-04,INFY.NS,149,1226.430464792335,1462.1451416015625,217859.6260986328,217.85962609863282,34903.627218476264,0.19100351662194778,False
2021-11-02,TATASTEEL.NS,10206,114.30335237121581,113.28370666503906,1156173.5102233887,1156.1735102233888,-11562.677587463288,-0.009911602672530936,False
2021-11-02,POONAWALLA.NS,3597,177.20546682755233,171.2225341796875,615887.4554443359,615.887455444336,-22136.49618981406,-0.03472892395601667,False
2021-11-02,INFY.NS,405,1226.430464792335,1491.93017578125,604231.7211914062,604.2317211914062,106923.15122931916,0.21526518493475028,True
2021-11-02,ADANIENT.NS,311,1216.8256922598498,1469.5194091796875,457020.5362548828,457.0205362548828,78130.72542581469,0.20645865641125033,False
2021-11-02,ADANIENSOL.NS,242,1637.636,1758.300048828125,425508.61181640625,425.50861181640624,28775.19120458985,0.07260816737009744,False
2021-11-02,TATAELXSI.NS,160,4175.487554437291,5773.81884765625,923811.015625,923.811015625,254809.19589940843,0.38140635161967895,False
2021-12-02,POONAWALLA.NS,3940,177.20546682755233,194.6092987060547,766760.6369018555,766.7606369018555,67804.33696439746,0.09711451281885948,False
2021-12-02,TATASTEEL.NS,2695,114.30335237121581,95.9287338256836,258527.93766021729,258.5279376602173,-49778.12491786957,-0.1615923496221902,True
2021-12-02,ATGL.NS,1148,1409.4213850445524,1655.32421875,1900312.203125,1900.312203125,280396.1408907287,0.1732962988063195,False
2021-12-02,BAJAJFINSV.NS,698,1751.0032823486326,1770.7474365234375,1235981.7106933594,1235.9817106933594,12545.437903320417,0.010264633378741327,True
2021-12-02,ADANIENT.NS,499,1216.8256922598498,1728.3916015625,862467.4091796875,862.4674091796875,254408.9213328428,0.4189897706336507,False
2021-12-02,ADANIENSOL.NS,19,1637.636,1885.199951171875,35818.799072265625,35.81879907226563,4667.896273193361,0.1500203654662594,False
2022-01-04,RPOWER.NS,24515,13.063050190925598,13.899999618530272,340758.4906482696,340.7584906482696,20177.056727080257,0.06300591484811735,True
2022-01-04,CGPOWER.NS,9551,84.21905648749386,202.11273193359372,1930378.7026977537,1930.3787026977536,1124072.115483002,1.3974457518607197,False
2022-01-04,PERSISTENT.NS,336,2116.9693466796875,2328.429931640625,782352.45703125,782.35245703125,70268.40408984374,0.09878846633150613,False
2022-01-04,TATAELXSI.NS,214,5218.002057803553,5677.04443359375,1214887.5087890625,1214.8875087890626,97020.18091031304,0.08688485100893979,False
2022-01-04,GRASIM.NS,180,1621.2891703106536,1648.1612548828125,296669.02587890625,296.66902587890627,4540.30619710969,0.0155579422716078,False
2022-01-04,JSWENERGY.NS,179,334.12908712974536,295.5267333984375,52899.28527832031,52.89928527832031,-6962.720603182424,-0.11641572662484749,False
2022-01-04,ADANIENSOL.NS,24,1637.636,1754.949951171875,42118.798828125,42.118798828125,2773.416029296881,0.07056452179892442,False
2022-02-02,POONAWALLA.NS,3971,211.20578083826052,268.9721984863281,1068088.600189209,1068.088600189209,228322.35588028724,0.2722342410391328,False
2022-02-02,JSWENERGY.NS,1676,334.12908712974536,295.6729431152344,495547.8526611328,495.5478526611328,-64948.04522098147,-0.11597857968761185,False
2022-02-02,ADANIENSOL.NS,445,1637.636,2016.0,897120.0,897.12,167474.86,0.22981175303913687,False
2022-02-02,ADANIENT.NS,363,1400.5905607729833,1775.3868408203125,644465.4232177734,644.4654232177735,135406.58423396276,0.2663311489123841,False
2022-02-02,TATAELXSI.NS,297,5218.002057803553,7106.10009765625,2110511.7290039062,2110.511729003906,558654.6061072473,0.36048125679483145,True
2022-02-02,GRASIM.NS,204,1621.2891703106536,1732.0302734375,353334.17578125,353.33417578125,22237.850862095424,0.06723604576506349,True
2022-03-03,POONAWALLA.NS,10811,211.20578083826052,236.1912078857422,2553463.148452759,2553.463148452759,267563.9886618713,0.11718067441794427,True
2022-03-03,CGPOWER.NS,10494,152.34908386803156,168.2790985107422,1765920.8597717285,1765.9208597717286,165403.65280083357,0.10345802642208914,False
2022-03-03,ADANIENT.NS,818,1400.5905607729833,1640.1387939453125,1341633.5334472656,1341.6335334472656,194608.82120151795,0.1698627000935111,True
2022-03-03,ADANIENSOL.NS,752,1637.636,2353.10009765625,1769531.2734375,1769.5312734375,536259.4701640627,0.43545146635674475,False
2022-03-03,PERSISTENT.NS,484,2130.4562489097775,1980.093505859375,958365.2568359375,958.3652568359375,-73733.93289323081,-0.07150714154971298,False
2022-04-04,RPOWER.NS,160666,13.90158196599017,14.850000381469728,2385890.1612892156,2385.8901612892155,149992.70298014954,0.06715555232361596,True
2022-04-04,ATGL.NS,1808,1581.507308388489,2366.332763671875,4278329.63671875,4278.32963671875,1414686.093515643,0.4947552998139589,True
2022-04-04,DEEPAKFERT.NS,1794,557.1852296752929,545.5563354492188,978728.0657958984,978.7280657958985,-21840.964307372924,-0.021849916173510543,False
2022-04-04,KPITTECH.NS,512,570.0653617047682,605.3958129882812,309962.65625,309.96265625,17779.2284009087,0.060914164941859084,False
2022-04-04,PERSISTENT.NS,188,2130.4562489097775,2318.095458984375,435801.9462890625,435.8019462890625,34840.36954773526,0.08698658548395341,False
2022-05-04,KPITTECH.NS,3952,570.0653617047682,515.1766967773438,2035978.3056640625,2035.9783056640626,-218955.98209884553,-0.09718857756682113,True
2022-05-04,JSWENERGY.NS,3654,330.664041819334,301.2773742675781,1100867.5255737305,1100.8675255737305,-108479.75075968984,-0.08978280421021463,False
2022-05-04,ANGELONE.NS,1740,119.8887296858331,155.40330505371094,270401.75079345703,270.40175079345704,61524.959389314,0.2949332448136068,False
2022-05-04,CDSL.NS,1666,701.3978926996824,603.2969360351562,1005092.6954345703,1005.0926954345704,-164441.2864985352,-0.14072505011477635,True
2022-05-04,ADANIENSOL.NS,1137,2348.715762532982,2783.300048828125,3164612.155517578,3164.6121555175782,490957.72136205994,0.18384556919762707,True
2022-05-04,DEEPAKFERT.NS,731,557.1852296752929,617.022216796875,451043.2404785156,451.04324047851566,43289.794345398026,0.10628416144357682,True
2022-05-04,SRF.NS,451,2602.127604248047,2369.482421875,1068636.572265625,1068.636572265625,-105991.61382250977,-0.09031634897967869,False
2022-06-02,RPOWER.NS,84778,13.563550190925598,13.850000381469728,1174175.3323402407,1174.1753323402406,23110.498921610182,0.020097996934831972,True
2022-06-02,ANGELONE.NS,22306,119.8887296858331,136.2203826904297,3038531.8562927246,3038.5318562927246,361255.32006423874,0.13508719847433603,True
2022-06-02,BSE.NS,14301,287.20786727600546,237.3689117431641,3394612.8068389897,3394.61280683899,-716141.5158820031,-0.1743556850288554,True
2022-06-02,CGPOWER.NS,7353,162.8228562859619,182.5040435791016,1341952.232437134,1341.952232437134,143373.81793401903,0.11975396878749946,False
2022-06-02,PERSISTENT.NS,1161,2032.5990527775568,1832.3916015625,2127406.6494140625,2127.4066494140625,-234568.2575100949,-0.09939975251908671,True
2022-06-02,MPHASIS.NS,321,2394.8270048828126,2303.9150390625,739556.7275390625,739.5567275390625,-29922.297755859443,-0.0389238473882737,True
2022-06-02,TATAELXSI.NS,260,7392.695368652344,8195.068359375,2130717.7734375,2130.7177734375,206486.25981445308,0.10742738375652239,True
2022-06-02,SRF.NS,162,2602.127604248047,2353.902587890625,381332.21923828125,381.33221923828125,-40593.784869140654,-0.09629770597576978,True
2022-07-04,TATAPOWER.NS,12730,231.31564766742315,206.03628540039065,2622841.913146973,2622.841913146973,-324429.1235724706,-0.11017585195565681,False
2022-07-04,JSWENERGY.NS,11187,316.40876389292157,200.93756103515625,2247888.495300293,2247.888495300293,-1294024.234865121,-0.3655781811971113,True
2022-07-04,BLS.NS,6819,91.25957966613768,95.2476577758789,649493.7783737183,649.4937783737183,26545.210851951735,0.04265667742725541,False
2022-07-04,NTPC.NS,2210,140.38400291442872,124.6806869506836,275544.31816101074,275.5443181610107,-34979.872598037764,-0.11274786529875344,False
2022-07-04,IRCTC.NS,1122,646.0844649047851,551.7539672851562,619067.9512939453,619.0679512939453,-106457.88628051756,-0.14685734875376866,True
2022-07-04,SOLARINDS.NS,465,2608.3396206054686,2717.935546875,1263840.029296875,1263.840029296875,49698.265686035156,0.04097548872790073,False
2022-08-02,JBMA.NS,12156,225.8646369008563,214.9403533935547,2612814.935852051,2612.814935852051,-135408.40525061032,-0.049318140340777375,True
2022-08-02,BLS.NS,10100,91.25957966613768,118.49436950683594,1196793.132019043,1196.793132019043,273874.58425903344,0.29713368799629775,False
2022-08-02,NTPC.NS,5542,140.38400291442872,140.6846160888672,779674.142364502,779.674142364502,886.3240703734336,0.0011392220981693744,True
2022-08-02,BHARTIARTL.NS,2051,670.0005986940803,665.8543701171875,1365667.3131103516,1365.6673131103516,-9869.582124317298,-0.007182206935918091,False
2022-08-02,TATAPOWER.NS,1677,231.31564766742315,226.69351196289065,380165.01956176764,380.1650195617676,-8131.486596062779,-0.020961959406511306,True
2022-08-02,HAL.NS,1676,842.6243142700196,970.6785888671876,1626857.3149414065,1626.8573149414065,212992.1069099123,0.15081880958822758,False
2022-08-02,CGPOWER.NS,1472,173.1674575300696,221.4250640869141,325937.69433593756,325.9376943359376,70709.25915733914,0.2773972787838404,False
2022-08-02,SUNPHARMA.NS,1302,806.221237793953,879.940185546875,1145682.1215820312,1145.6821215820312,94836.38785272231,0.09034617813676425,True
2022-09-02,PGEL.NS,19957,95.04712349700928,88.84185791015625,1773016.9583129883,1773.0169583129882,-125611.5022751391,-0.06622091456519716,True
2022-09-02,BLS.NS,9018,91.25957966613768,120.16536712646484,1083651.28074646,1083.65128074646,259588.74003648374,0.31542575802463096,False
2022-09-02,ADANIENSOL.NS,1004,3424.871401123047,3866.550048828125,3882016.2490234375,3882.0162490234375,439563.34604687523,0.12783314944692162,True
2022-09-02,SOLARINDS.NS,848,2645.65592357362,3320.825439453125,2816059.97265625,2816.05997265625,569727.689493164,0.25394409169146687,True
2022-09-02,HAL.NS,786,842.6243142700196,1127.7369384765625,886401.2336425781,886.4012336425782,223212.12139270012,0.337024320873161,True
2022-09-02,BHARTIARTL.NS,573,670.0005986940803,712.5844116210938,408310.8678588867,408.31086785888675,23992.21393931983,0.062494315075247595,True
2022-09-02,ATGL.NS,470,3247.644302246094,3617.8876953125,1700407.216796875,1700.407216796875,172313.98752441397,0.11288967363745246,True
2022-09-02,CGPOWER.NS,408,173.1674575300696,217.3749084472656,88688.96264648436,88.68896264648436,17947.951011569472,0.25403200252628333,False
2022-10-04,BLS.NS,13531,91.25957966613768,139.4461669921875,1886846.085571289,1886.846085571289,650125.8670232089,0.5264887405227198,True
2022-10-04,CGPOWER.NS,13200,173.1674575300696,229.03146362304688,3023215.3198242188,3023.215319824219,734381.6651074756,0.3212784631875391,False
2022-10-04,INDHOTEL.NS,7108,293.05811569213864,339.7992858886719,2415293.3240966797,2415.29332409668,329820.94443286164,0.15833504832669373,False
2022-10-04,ITC.NS,3111,244.26319565713018,274.9212646484375,855280.0543212891,855.2800543212891,94521.97257763578,0.12438692470603473,False
2022-10-04,NTPC.NS,2795,145.55063288879396,146.07920837402344,408291.3874053955,408.29138740539554,1069.0770938110072,0.002627925892618413,True
2022-10-04,PAGEIND.NS,18,47309.73512890625,49427.84375,889701.1875,889.7011875000001,37236.25399218744,0.04372632338158627,False
2022-11-02,IRFC.NS,43238,19.644558744485703,20.822370529174805,900317.6569404602,900.3176569404602,50025.90828944696,0.05889617726764664,False
2022-11-02,CGPOWER.NS,3630,173.1674575300696,255.06114196777344,925871.9453430176,925.8719453430176,296348.2025635219,0.47144321721972476,True
2022-11-02,TVSMOTOR.NS,905,978.5978564114042,1096.758544921875,992566.4831542969,992.5664831542969,105942.85661882174,0.11962414305180637,False
2022-11-02,ADANIENSOL.NS,876,3321.918697753906,3308.60009765625,2898333.685546875,2898.333685546875,-14565.427371093538,-0.005005300161787412,True
2022-11-02,ABB.NS,696,2987.9740026855466,3072.23828125,2138277.84375,2138.27784375,56509.660037109395,0.0271729406648883,True
2022-11-02,ADANIENT.NS,70,3272.176213420054,3574.19677734375,250193.7744140625,250.19377441406252,20891.245700244646,0.09120730293263093,False
2022-11-02,PAGEIND.NS,25,47309.73512890625,47478.7265625,1186968.1640625,1186.9681640625001,3037.8176757812034,0.002568450377076913,True
2022-12-02,IRFC.NS,41476,19.644558744485703,32.68647384643555,1355704.1892547607,1355.7041892547609,539570.766579217,0.662230635837272,True
2022-12-02,VBL.NS,1934,223.4758007659912,261.09161376953125,504951.18103027344,504.95118103027346,72244.0311678162,0.16715331710069975,True
2022-12-02,TVSMOTOR.NS,1929,978.5978564114042,1031.248291015625,1989277.9533691406,1989.2779533691407,99573.41039817291,0.052748108914214144,False
2022-12-02,KPITTECH.NS,1875,691.5825542602539,700.9822387695312,1314341.697692871,1314.341697692871,16310.066757202148,0.012577966602717898,True
2022-12-02,HAL.NS,1148,1188.1070861816406,1330.2919921875,1527175.20703125,1527.17520703125,161701.09688769537,0.11855380348445943,False
2022-12-02,ADANIENT.NS,403,3272.176213420054,3915.376220703125,1577896.6169433594,1577.8966169433595,257631.7063181342,0.19536986683067178,False
2023-01-03,INDHOTEL.NS,8418,324.2367379487669,316.0601806640625,2660594.600830078,2660.594600830078,-71490.85382347181,-0.02619264405105878,False
2023-01-03,ADANIPOWER.NS,3734,77.16285468730364,58.95000076293945,220119.30284881592,220.11930284881592,-68226.91585642466,-0.23679533370262362,False
2023-01-03,ITC.NS,1948,257.43974942420056,273.4758605957031,532730.9764404297,532.7309764404297,30705.613585646497,0.06122844411619468,False
2023-01-03,DEEPAKFERT.NS,1729,775.8508814697266,671.3807373046875,1160817.2947998047,1160.8172947998048,-181789.6965561523,-0.13551769729663743,True
2023-01-03,CGCL.NS,1328,710.1981361083984,713.7843017578125,947905.552734375,947.905552734375,3814.5224296874367,0.004044478859654156,False
2023-01-03,TVSMOTOR.NS,433,978.5978564114042,1024.5103759765625,443612.99279785156,443.6129927978516,19436.507978915644,0.045869719512558006,True
2023-01-03,COALINDIA.NS,406,178.45496430969237,176.30982971191406,71581.79086303711,71.58179086303711,-942.5064375610382,-0.013008572983498435,False
2023-01-03,ADANIENT.NS,17,3272.176213420054,3823.992431640625,65007.871337890625,65.00787133789062,9315.867838411818,0.1674702675062151,False
2023-02-02,BLS.NS,8084,170.24673710419572,177.25332641601562,1432915.8907470703,1432.9158907470703,55208.352106005186,0.04011434287415544,False
2023-02-02,COALINDIA.NS,3200,178.45496430969237,171.23529052734375,547952.9296875,547.9529296875,-23650.909033203032,-0.041416102384519246,False
2023-02-02,BDL.NS,2835,461.5004681396485,452.9578857421875,1284135.6060791016,1284.1356060791015,-25502.356702880934,-0.019491941838033263,False
2023-02-02,HAL.NS,1788,1211.37670319881,1130.0950927734375,2020610.0258789062,2020.6100258789063,-147352.12946644519,-0.06803144331612652,False
2023-02-02,INDHOTEL.NS,1345,324.2367379487669,313.8886413574219,422180.2226257324,422.1802226257324,-14340.370137984806,-0.03288333487486286,True
2023-02-02,MAZDOCK.NS,1117,405.6473074951172,373.4941101074219,417192.92098999023,417.1929209899902,-36332.31440304569,-0.08018466016366765,False
2023-02-02,ADANIENT.NS,667,3272.176213420054,1562.4073486328125,1042125.7015380859,1042.1257015380859,-1141457.9585146282,-0.5229948390668129,True
2023-03-02,ADANIPOWER.NS,93611,65.92138179528214,32.25,3018954.75,3018.95475,-3155030.675988157,-0.5112701050464667,True
2023-03-02,COALINDIA.NS,4820,178.45496430969237,179.61859130859375,865761.6101074219,865.7616101074219,4742.920524597284,0.005514043340846156,False
2023-03-02,GESHIP.NS,4752,559.4903278808595,524.9951171875,2494776.796875,2494.776796875,-166416.01801171945,-0.06259304954062475,True
2023-03-02,TVSMOTOR.NS,2298,991.5104173583986,1054.57421875,2423411.5546875,2423.4115546875,142497.20404321235,0.06254016708977957,True
2023-03-02,CGCL.NS,2139,710.1719099399107,678.090576171875,1450435.7424316406,1450.4357424316406,-70072.40867225989,-0.04612886525880666,False
2023-03-02,ITC.NS,1703,257.6077015492759,315.2732849121094,536910.4042053223,536.9104042053223,97667.57806270011,0.22262653535981827,False
2023-04-05,ANANDRATHI.NS,11432,189.22251126098632,197.866943359375,2262014.896484375,2262.014896484375,96561.13285229495,0.04463826792457755,True
2023-04-05,INDIANB.NS,5846,248.80049285888674,262.17926025390625,1532699.955444336,1532.699955444336,76679.57423583977,0.05271930125236932,True
2023-04-05,COALINDIA.NS,4044,178.45496430969237,179.3364715576172,725236.6909790039,725.2366909790039,2839.578619628912,0.003934722573190148,True
2023-04-05,BLS.NS,2492,168.40018376226183,163.5648193359375,407603.52978515625,407.60352978515624,-12457.331680185394,-0.029684820609919796,False
2023-04-05,BDL.NS,2327,466.05536183788786,475.243896484375,1105892.5471191406,1105.8925471191405,20275.82757525635,0.018695827713776092,True
2023-04-05,CGCL.NS,535,710.1719099399107,584.7208251953125,312825.6414794922,312.8256414794922,-67429.15597983956,-0.17747224834682318,True
2023-04-05,ITC.NS,299,257.6077015492759,324.3818359375,96990.1689453125,96.9901689453125,19868.47601313371,0.2579494019497549,False
2023-04-05,M&M.NS,159,1208.2985220947264,1114.4051513671875,177190.4190673828,177.1904190673828,-15106.236364746088,-0.0786293901230626,False
2023-04-05,HAL.NS,22,1236.4098434112163,1314.5103759765625,28919.228271484375,28.919228271484375,1689.292488166131,0.062104020441570845,False
2023-05-03,BLS.NS,19900,168.40018376226183,174.86386108398438,3479790.835571289,3479.7908355712893,125147.38786670705,0.03734445723359036,True
2023-05-03,MAZDOCK.NS,10772,360.2228596132564,380.2955017089844,4096543.1444091797,4096.54314440918,212125.95751077263,0.054667120835032945,True
2023-05-03,NTPC.NS,2229,162.3691771850586,162.62197875976562,362484.3906555176,362.4843906555176,201.01031936646905,0.0005553984907153322,True
2023-05-03,M&M.NS,1947,1208.2985220947264,1191.5633544921875,2319973.851196289,2319.973851196289,-34903.345173339825,-0.014836342699445797,True
2023-05-03,HAL.NS,575,1236.4098434112163,1451.6484375,834697.8515625,834.6978515625,122927.49374948803,0.1729094497189152,False
2023-05-03,BRITANNIA.NS,177,4081.7730078125,4338.86279296875,767978.7143554688,767.9787143554688,44736.913258300745,0.061921846677783554,True
2023-06-02,KARURVYSYA.NS,15284,77.29082966931661,85.41748809814453,1305520.888092041,1305.520888092041,122902.32653811388,0.10403874528367284,False
2023-06-02,VBL.NS,6837,286.9910626666169,335.8845520019531,2296442.6820373535,2296.4426820373537,331988.34390365635,0.16919552940831883,True
2023-06-02,ITC.NS,3027,275.31234929290474,380.5940551757813,1152058.20501709,1152.0582050170901,317535.6655024503,0.3810258133974823,False
2023-06-02,CUMMINSIND.NS,2054,1510.878509765625,1671.805908203125,3433889.3354492188,3433.889335449219,327110.9870551755,0.10540595521078742,True
2023-06-02,SIEMENS.NS,1132,2054.981150878906,2059.740478515625,2331626.2216796875,2331.6262216796877,3055.9326630858704,0.0013136797663805648,True
2023-06-02,TVSMOTOR.NS,1028,1095.5884917419207,1290.5277099609375,1326662.4858398438,1326.6624858398438,199070.85384330945,0.17675312580288788,False
2023-06-02,ABB.NS,809,3354.968071533203,3902.795166015625,3157361.2893066406,3157.3612893066406,440034.75814697286,0.16212503002087764,True
2023-06-02,HAL.NS,800,1236.4098434112163,1530.0093994140625,1224007.51953125,1224.00751953125,233655.63728274568,0.23622389303988497,True
2023-06-02,ZYDUSLIFE.NS,762,508.87851785278315,505.68548583984375,385332.34020996094,385.33234020996093,-2818.4227340698126,-0.007268370286853626,True
2023-07-04,ITC.NS,2912,275.31234929290474,400.2933044433594,1165654.1025390625,1165.6541025390625,362778.88729558466,0.4525066244430244,False
2023-07-04,MAZDOCK.NS,2314,407.7140694580078,623.4456787109375,1442653.3005371094,1442.6533005371093,497760.2905107422,0.5275956354907533,False
2023-07-04,KARURVYSYA.NS,1157,77.29082966931661,102.35749816894533,118427.62538146974,118.42762538146974,28883.707828688945,0.32299188801915846,False
2023-07-04,LT.NS,786,2203.9590373920314,2369.706298828125,1862589.1508789062,1862.5891508789064,128414.75833789073,0.07412912507239336,True
2023-07-04,TVSMOTOR.NS,327,1095.5884917419207,1288.7484130859375,421420.73107910156,421.4207310791016,62741.87354841438,0.17513069403080994,True
2023-07-04,BOSCHLTD.NS,47,17910.386634765622,18181.240234375,854518.291015625,854.518291015625,11875.600890625152,0.014107588212782865,True
2023-08-02,KARURVYSYA.NS,23114,77.29082966931661,99.04920959472656,2289423.4305725098,2289.42343057251,500633.77016535285,0.2802315722121646,False
2023-08-02,CGPOWER.NS,6472,378.29123762143473,404.5182495117188,2618042.110839844,2618.042110839844,167123.17884307867,0.06826088228512855,True
2023-08-02,VBL.NS,3058,318.95474450683594,320.2410888671875,979297.2497558594,979.2972497558594,2954.3438041992486,0.003028966610853092,True
2023-08-02,ANANTRAJ.NS,3045,155.31958913852927,198.09750366210935,603206.8986511229,603.206898651123,129655.54282565025,0.2741432504173129,False
2023-08-02,TRITURBINE.NS,1246,391.1232153930664,391.0760803222656,487280.79608154297,487.280796081543,-546.0110942993197,-0.001120391564286618,True
2023-08-02,MAZDOCK.NS,906,407.7140694580078,880.2713623046875,797525.8542480469,797.5258542480469,427339.3814648437,1.1568818856592216,False
2023-08-02,RVNL.NS,674,116.43958219026706,121.40371704101562,81826.10528564453,81.82610528564453,3264.0007841188926,0.041590076523929244,False
2023-09-04,IDFCFIRSTB.NS,43800,77.29894910306841,97.84138488769533,4285452.658081056,4285.452658081056,895473.2347085779,0.2644873525056457,False
2023-09-04,KARURVYSYA.NS,5445,77.29082966931661,99.32756805419922,540838.6080551147,540.8386080551147,119449.2018976307,0.28382941301944986,True
2023-09-04,RVNL.NS,4883,116.43958219026706,151.71778869628906,740837.9622039795,740.8379622039795,171522.64440670144,0.30167137374237213,False
2023-09-04,DATAPATTNS.NS,817,1864.3964588635001,2393.725830078125,1955674.0031738281,1955.6740031738282,430506.4222791747,0.28263068344688685,True
2023-09-04,ANANTRAJ.NS,367,155.31958913852927,221.59637451171875,81325.86944580078,81.32586944580078,24242.254362514737,0.4252856279433192,False
2023-09-04,JBMA.NS,2,678.8414323120118,744.8130493164062,1489.6260986328125,1.4896260986328125,130.45360791015605,0.09608547865578457,False
2023-10-04,RVNL.NS,23989,116.43958219026706,168.54376220703125,4043196.3115844727,4043.196311584473,1245883.9781105714,0.44603076786802776,False
2023-10-04,PFC.NS,10731,184.83355291579693,216.87527465820312,2327288.5723571777,2327.2885723571776,341512.42744540377,0.1721811108735554,False
2023-10-04,ITC.NS,6302,300.03224279332073,374.328125,2359015.84375,2359.01584375,465853.63382274285,0.24637870048053687,True
2023-10-04,CGPOWER.NS,4110,432.3052254028321,428.9442443847656,1762960.8444213867,1762.9608444213868,-15576.592828674475,-0.008766781060579754,True
2023-10-04,GLENMARK.NS,3911,757.0924567260743,803.9735717773438,3144340.6392211914,3144.3406392211914,180207.70032629417,0.060860653240088415,True
2023-10-04,MAZDOCK.NS,358,427.99230744720813,1037.4871826171875,371420.4113769531,371.42041137695315,217827.74489947563,1.4216549629514401,False
2023-11-02,ANANTRAJ.NS,22925,166.91081850976482,233.54495239257807,5354018.033599853,5354.018033599853,1522233.5012298943,0.39782076154959384,True
2023-11-02,IDFCFIRSTB.NS,13694,85.10288829711911,81.79122924804688,1120049.093322754,1120.0490933227538,-46469.908111318015,-0.039874678124586775,True
2023-11-02,JBMA.NS,6668,648.1660327831178,588.6770629882812,3925298.6560058594,3925.2986560058594,-400597.7492479761,-0.09268866898171348,False
2023-11-02,ZYDUSLIFE.NS,6300,617.3141658657498,569.3232421875,3586736.42578125,3586.73642578125,-305929.5555987549,-0.07866374952263433,True
2023-11-02,MAZDOCK.NS,5360,427.99230744720813,940.2882690429688,5039945.1220703125,5039.945122070312,2740866.4090312063,1.194777720134122,False
2023-11-02,SUPREMEIND.NS,161,3868.533858642578,4410.9228515625,710158.5791015625,710.1585791015625,86614.4692810059,0.1390651057290034,True
2023-12-04,IRFC.NS,52625,69.88132732391358,73.80447387695312,3883960.437774658,3883.960437774658,202571.62691593124,0.05508398633185854,True
2023-12-04,RVNL.NS,40770,142.20303982521114,169.7747344970703,6921715.925445557,6921.715925445556,1117176.2758462531,0.19269573963428052,True
2023-12-04,PFC.NS,19351,199.67628102977093,335.2177429199219,6486798.543243408,6486.798543243408,2616376.030493067,0.6771272153605079,False
2023-12-04,ONGC.NS,15412,160.6788899536133,179.3959197998047,2764849.91595459,2764.84991595459,285702.014073547,0.11537068703762668,True
2023-12-04,OIL.NS,10053,184.74900230407712,204.0341033935547,2051154.8414154053,2051.1548414154054,191821.96641110256,0.10328102857453386,True
2023-12-04,GPIL.NS,5162,599.5849478759766,683.169921875,3526523.13671875,3526.5231367187503,427939.1126462403,0.13826531898578712,True
2023-12-04,RECLTD.NS,3558,251.3498593421796,345.5282592773437,1229389.5465087888,1229.389546508789,333857.3574228049,0.37331579146875776,False
2023-12-04,JBMA.NS,2101,648.1660327831178,627.3450927734375,1318052.0399169922,1318.0520399169923,-45062.84700025525,-0.0330907267854786,True
2023-12-04,MAZDOCK.NS,657,427.99230744720813,992.1710815429688,651856.4005737305,651.8564005737305,370013.598180341,1.3158801997479488,True
2024-01-02,ANANTRAJ.NS,6500,267.2679775390625,303.1454467773437,1970445.404052734,1970.445404052734,231233.10464477492,0.13310357686342905,False
2024-01-02,RECLTD.NS,5046,251.3498593421796,372.0323791503906,1877275.385192871,1877.2753851928712,607086.71956704,0.4786574686929656,False
2024-01-02,ZENSARTECH.NS,4568,507.5000350341797,559.7831420898438,2557089.3930664062,2557.0893930664065,236272.14363720734,0.10191787259697582,False
2024-01-02,CHOLAHLDNG.NS,1415,1064.8115505371093,1004.3568725585938,1421164.9746704102,1421.1649746704102,-86964.5343142699,-0.05771822706099792,True
2024-01-02,KAYNES.NS,1018,2482.530098876953,2663.300048828125,2711239.4497070312,2711.2394497070313,181312.56960058585,0.07174400422492985,False
2024-01-02,AUROPHARMA.NS,763,1038.29116015625,1086.2987060546875,828845.9127197266,828.8459127197266,35800.91160778806,0.04519083759253205,False
2024-02-02,SUZLON.NS,49914,39.575410133642706,48.59999847412109,2425820.32383728,2425.82032383728,448027.4821028004,0.22680720962064893,False
2024-02-02,ANANDRATHI.NS,8652,494.3149787712421,811.6837158203125,7022687.509277344,7022.687509277343,2738851.6254392797,0.6403954298939939,False
2024-02-02,ANANTRAJ.NS,7601,267.2679775390625,321.5661926269531,2444224.6301574707,2444.2246301574705,410276.5082528994,0.20195703724878436,True
2024-02-02,RECLTD.NS,2251,251.3498593421796,440.4643249511719,991485.1954650879,991.4851954650879,424705.1768903766,0.75064295551161,False
2024-02-02,PFC.NS,2153,312.68903541900494,406.5540771484375,875310.9281005859,875.310928100586,201216.12391536776,0.2988863601406723,False
2024-02-02,BSE.NS,1630,793.3014814214969,812.45263671875,1324297.7978515625,1324.2977978515626,29892.08533667121,0.023116939889830823,False
2024-02-02,ZENSARTECH.NS,1372,507.5000350341797,532.57177734375,730688.478515625,730.688478515625,33667.741970214876,0.04835304204574862,True
2024-02-02,KAYNES.NS,790,2482.530098876953,2907.25,2296727.5,2296.7275,333231.99438720685,0.16991240159137092,False
2024-02-02,AUROPHARMA.NS,573,1038.29116015625,1061.2291259765625,608084.2891845703,608.0842891845704,12535.370125854504,0.021069944090676626,False
2024-03-04,INOXWIND.NS,42601,127.3146875,138.16250610351562,5885860.922515869,5885.860922515869,456242.05940585304,0.084119564739238,False
2024-03-04,GVT&D.NS,2605,706.2188800659179,931.8165893554688,2427382.215270996,2427.3822152709963,585254.6504840092,0.31812501625448664,False
2024-03-04,PFC.NS,1702,312.68903541900494,383.2863159179688,652353.3096923829,652.3533096923829,119504.21809954417,0.22454894873099343,False
2024-03-04,KAYNES.NS,927,2482.530098876953,3104.25,2877639.75,2877.6397500000003,573456.7085910644,0.24918757335626915,False
2024-03-04,AUROPHARMA.NS,841,1038.29116015625,1086.8203125,914015.8828125,914.0158828125,39899.00123828114,0.04569270533335792,True
2024-03-04,HBLENGINE.NS,772,472.62993394653085,508.1714172363281,392308.3341064453,392.30833410644533,27045.71676561702,0.07412419179637543,False
2024-04-02,IRFC.NS,7088,140.74584510803223,141.13656616210938,1000375.9809570312,1000.3759809570313,1769.0548503417522,0.0017732991529764825,False
2024-04-02,RECLTD.NS,6933,268.75561454216273,415.31787109375,2879398.8002929688,2879.3988002929686,1013236.7258718614,0.5437912020162309,False
2024-04-02,PFC.NS,4888,312.68903541900494,373.4539489746094,1825442.9025878906,1825.4429025878906,295193.4545572067,0.19313584029483152,True
2024-04-02,BSE.NS,3724,790.4167389923825,908.480224609375,3383180.3564453125,3383.1803564453126,436285.24008123484,0.1482192868811603,False
2024-04-02,SUZLON.NS,1583,41.00918976461074,42.5,67277.5,67.2775,2292.6751026212078,0.03531672397583184,False
2024-04-02,HBLENGINE.NS,1015,472.62993394653085,458.0510559082031,464921.8217468262,464.9218217468262,-15262.483030649426,-0.03181543955262265,False
2024-05-03,INOXWIND.NS,23046,128.25712096442552,153.91250610351562,3547067.615661621,3547.067615661621,587706.9382998087,0.1988308519732006,False
2024-05-03,HSCL.NS,11450,321.79974975585935,374.0122680664063,4282440.4693603525,4282.440469360353,593550.8941864031,0.16108932987613905,True
2024-05-03,HBLENGINE.NS,6255,472.62993394653085,553.065673828125,3459425.789794922,3459.425789794922,499666.1271695765,0.1690173822481655,False
2024-05-03,GVT&D.NS,1151,713.4770968965605,1121.2728271484375,1290585.0240478516,1290.5850240478517,468082.3004958625,0.5699895051903647,False
2024-05-03,ANANDRATHI.NS,131,822.6672497868868,987.4986572265624,129362.32409667967,129.36232409667969,21463.552050500817,0.19916182250465544,False
2024-06-04,SUZLON.NS,138756,41.06409307951677,47.5,6590910.0,6590.91,886429.7906585708,0.1555716062719972,False
2024-06-04,IRFC.NS,20732,141.37122562454374,159.34616088867188,3303564.6075439453,3303.5646075439454,369352.7932883608,0.12601990981215966,True
2024-06-04,GVT&D.NS,1478,713.4770968965605,1340.365966796875,1981060.8989257812,1981.0608989257812,924560.688813739,0.8767604547566987,False
2024-06-04,RECLTD.NS,579,377.91272113861856,404.9304809570313,234454.74847412112,234.45474847412112,15408.828186386847,0.07042057027684467,False
2024-06-04,KAYNES.NS,415,2513.419009452066,2836.800048828125,1177272.0202636719,1177.272020263672,133025.85932080098,0.12753314832177984,True
2024-07-02,INOXWIND.NS,21793,129.33693176704972,143.9199981689453,3136448.520095825,3136.448520095825,314672.31757641444,0.1116397784179166,False
2024-07-02,HBLENGINE.NS,9735,446.1038350950676,500.90472412109375,4876307.489318848,4876.307489318848,528610.3471790459,0.12172050547454585,False
2024-07-02,RECLTD.NS,7814,377.91272113861856,487.4801635742188,3809169.998168946,3809.1699981689458,852350.8251936114,0.2886379742480684,True
2024-07-02,KALYANKJIL.NS,4834,402.4041579290444,493.3970031738281,2385081.113342285,2385.0811133422853,437474.33279994223,0.22489690143203636,False
2024-07-02,BSE.NS,1416,838.8701587674378,824.2552490234375,1167145.4326171875,1167.1454326171875,-21861.857630121754,-0.018404713568198436,False
2024-07-02,ETERNAL.NS,484,172.172,209.08999633789065,101199.55822753908,101.19955822753909,17767.110669311543,0.21321066341537984,False
2024-07-02,GVT&D.NS,400,713.4770968965605,1580.990234375,632396.09375,632.39609375,346372.85889762576,1.213678968828353,False
2024-08-02,SUZLON.NS,89080,41.09822858391434,71.3499984741211,6355857.864074707,6355.857864074707,2688471.803955543,0.7343484362132607,True
2024-08-02,INOXWIND.NS,16411,129.33693176704972,179.3800048828125,2943805.260131836,2943.805260131836,818313.067642651,0.3855332922284723,True
2024-08-02,BSE.NS,8596,838.8701587674378,849.6414184570312,7303517.633056641,7303.517633056641,85286.23065868858,0.011827358700796277,True
2024-08-02,KALYANKJIL.NS,7269,402.4041579290444,556.8685913085938,4047877.790222168,4047.877790222168,1118754.0884457221,0.38247011556818744,False
2024-08-02,HBLENGINE.NS,7073,446.1038350950676,600.9462890625,4250493.1025390625,4250.493102539062,1090950.18380911,0.34575248079967746,True
2024-08-02,IRFC.NS,312,166.29379795837403,185.7959747314453,57968.34411621094,57.968344116210936,6026.710809082026,0.1161581552378461,False
2024-09-03,ETERNAL.NS,14878,228.2730891494105,247.6999969482422,3685280.5545959473,3685.2805545959473,285348.25367642194,0.08401869827647608,True
2024-09-03,KALYANKJIL.NS,4698,402.4041579290444,648.9509887695312,3048771.745239258,3048.771745239258,1155228.2395433679,0.611071916148233,True
2024-09-03,ANANDRATHI.NS,4584,867.2423115998068,963.8500366210938,4418288.567871094,4418.288567871094,438431.5229297085,0.11028506532186039,False
2024-09-03,DIXON.NS,561,11656.847350585937,12981.3798828125,7282554.1142578125,7282.554114257812,735780.196464844,0.11251336771411224,True
2024-09-03,GVT&D.NS,404,721.3844734593094,1657.154541015625,669490.4345703125,669.4904345703125,377381.61685818114,1.2948891296978955,False
2024-09-03,TRENT.NS,301,5532.414094238281,7028.35009765625,2115533.3793945312,2115.5333793945315,448161.203649414,0.2691244053605697,False
2024-09-03,BAJAJ-AUTO.NS,72,9257.605779296875,10621.203125,764726.625,764.726625,97414.28226562496,0.14614752181431562,False
2024-10-03,IFCI.NS,141865,73.87380305480957,61.97999954223633,8792792.635059357,8792.792635059357,-1696107.2279462628,-0.16184063927567213,True
2024-10-03,IRFC.NS,53049,166.7862246464406,147.019775390625,7799252.064697266,7799.252064697266,-1056389.618636459,-0.11939516631795888,True
2024-10-03,COCHINSHIP.NS,7063,2052.330956030612,1651.221435546875,11662576.999267578,11662.576999267578,-2844699.120175902,-0.19624551329589573,True
2024-10-03,RVNL.NS,4435,591.9470686035156,503.6942443847656,2233883.9738464355,2233.8839738464358,-393635.15938400244,-0.14993995776095914,True
2024-10-03,ANANDRATHI.NS,4264,867.2423115998068,968.4176025390624,4129332.657226562,4129.332657226562,427282.1079077595,0.1155465686998878,False
2024-10-03,GVT&D.NS,1078,721.3844734593094,1628.229248046875,1755231.1293945312,1755.2311293945313,975823.435876001,1.2548323101530938,False
2024-10-03,OFSS.NS,252,10275.176466664907,10364.45703125,2611843.171875,2611.8431718750003,19886.859103568364,0.007680267858159434,False
2024-11-04,OIL.NS,16821,512.50005569458,448.7972717285156,7549218.907745361,7549.218907745361,-1079093.748000916,-0.12517380344642065,True
2024-11-04,KALYANKJIL.NS,6756,729.1468754882812,657.5757446289062,4442581.730712891,4442.581730712891,-487977.1418166505,-0.09905920059745875,True
2024-11-04,WOCKPHARMA.NS,4778,975.8105770861735,1309.949951171875,6258940.866699219,6258.9408666992185,1590258.9885147829,0.34107995132454655,False
2024-11-04,NETWEB.NS,1543,2394.200891113281,2638.356689453125,4070984.371826172,4070.984371826172,372661.41246655304,0.10087601359887868,True
2024-11-04,BAJAJ-AUTO.NS,405,9444.688065167948,9161.173828125,3710275.400390625,3710.2754003906252,-118533.54140278464,-0.03098836180206538,False
2024-11-04,TRENT.NS,47,6155.9759751822,7049.25732421875,331315.09423828125,331.31509423828123,41652.9083104796,0.14396288992763684,False
2024-12-03,INOXWIND.NS,21564,225.84903022034908,206.55999755859372,4454259.787353515,4454.259787353515,-420402.96010544617,-0.0863213476732361,False
2024-12-03,SIGNATURE.NS,5547,1356.60525,1366.0999755859375,7577756.564575195,7577.756564575196,45089.486260619946,0.005991887183358262,True
2024-12-03,ANANDRATHI.NS,3765,910.2464610079074,1044.877197265625,3933962.647705078,3933.9626477050783,502950.7593626017,0.1467578999566047,True
2024-12-03,WOCKPHARMA.NS,1240,975.8105770861735,1403.5999755859375,1740463.9697265625,1740.4639697265625,528718.3901699809,0.43695549990592514,False
2024-12-03,SUNPHARMA.NS,656,1777.7193027343749,1767.2545166015625,1159318.962890625,1159.318962890625,-8024.2186660156585,-0.00688074918835587,False
2024-12-03,GVT&D.NS,181,877.1209075648205,1843.0030517578125,333583.55236816406,333.5835523681641,174491.0845465634,1.0990949284491778,False
2024-12-03,BAJAJ-AUTO.NS,136,9444.688065167948,8811.337890625,1198341.953125,1198.341953125,-87333.965690966,-0.06799181804657668,True
2024-12-03,TRENT.NS,104,6155.9759751822,6827.3134765625,710040.6015625,710.0406015625,69109.05954198865,0.10794554601621383,False
2025-01-02,INOXWIND.NS,24713,225.84903022034908,188.75,4664578.75,4664.57875,-921492.9125854867,-0.1651004663777805,True
2025-01-02,NETWEB.NS,3971,2895.1329633789064,2874.772705078125,11415722.411865234,11415.722411865234,-92266.30812426843,-0.008025548843443104,True
2025-01-02,GLENMARK.NS,3297,1607.4688937106018,1635.3387451171875,5391711.842651367,5391.711842651367,86495.18824486155,0.01632038589618367,False
2025-01-02,TRENT.NS,1135,6155.9759751822,7305.9794921875,8292286.7236328125,8292.286723632813,1296961.7050773827,0.18562410609136462,False
2025-01-02,GVT&D.NS,422,877.1209075648205,2023.0767822265625,853738.4020996094,853.7384020996094,482739.64070515556,1.3041905488896093,False
2025-02-03,WOCKPHARMA.NS,2175,1093.9131474981473,1572.75,3420731.25,3420.7312500000003,1038049.4229415297,0.43629067224704976,False
2025-02-03,BHARTIARTL.NS,2048,1580.1402169943174,1618.2845458984375,3314246.75,3314.2467500000002,74805.33884563809,0.023115698192721263,False
2025-02-03,POLICYBZR.NS,1703,2205.45325,1672.1500244140625,2847671.4915771484,2847.6714915771486,-911063.064664429,-0.2425693564850453,False
2025-02-03,OFSS.NS,1009,10718.224747923041,8541.638671875,8618513.419921875,8618.513419921876,-2204793.864152396,-0.20387030185603702,True
2025-02-03,SUNPHARMA.NS,257,1811.26116440481,1708.8876953125,439184.1376953125,439.18413769531253,-26749.165694418945,-0.05746402497500926,False
2025-02-03,GVT&D.NS,208,877.1209075648205,1638.63427734375,340835.9296875,340.8359296875,158053.94498432984,0.8663283806690355,False
2025-03-04,WOCKPHARMA.NS,5100,1093.9131474981473,1223.550048828125,6240105.2490234375,6240.105249023438,654908.091533863,0.11738898245700725,True
2025-03-04,GVT&D.NS,4733,877.1209075648205,1355.05712890625,6413485.391113281,6413.485391113281,2255658.6502178726,0.5433471715269804,False
2025-03-04,SUNPHARMA.NS,4023,1811.26116440481,1547.2283935546875,6224499.827270508,6224.499827270508,-1068428.3369573131,-0.1466271151079133,True
2025-03-04,GLENMARK.NS,3267,1451.0198964024007,1330.9853515625,4348329.1435546875,4348.329143554688,-396501.18713551015,-0.0836415341322141,False
2025-03-04,PGEL.NS,2004,784.8884744873047,840.7794189453125,1684921.9555664062,1684.9219555664063,110320.53073828109,0.07013756326976468,False
2025-03-04,POLICYBZR.NS,685,2205.45325,1413.8499755859375,968487.2332763672,968.4872332763672,-543216.7302069092,-0.3595710425463104,True
2025-03-04,TRENT.NS,374,6154.952524004549,4989.54150390625,1866088.5224609375,1866.0885224609376,-437729.8100392248,-0.19015590405248434,True
2025-03-04,DIXON.NS,335,17553.681597725674,14184.037109375,4751652.431640625,4751.652431640625,-1133582.5560291167,-0.19277030329059133,False
2025-04-02,COROMANDEL.NS,2800,1599.3394409179687,2032.09716796875,5689872.0703125,5689.8720703125,1206031.763671875,0.26931470509824357,False
2025-04-02,VEDL.NS,2782,403.93177768568313,427.3828430175781,1188979.0692749023,1188.9790692749023,64051.884684056975,0.056998938337535665,False
2025-04-02,MUTHOOTFIN.NS,2441,2110.019288330078,2295.069091796875,5602263.653076172,5602.263653076172,446104.3066093754,0.08661282642569436,False
2025-04-02,GVT&D.NS,1561,877.1209075648205,1489.6766357421875,2325385.2283935547,2325.385228393555,953874.1064564763,0.696672541118815,True
2025-04-02,MAZDOCK.NS,1019,2144.9765739746094,2580.269287109375,2629294.403564453,2629.294403564453,440933.9802807616,0.20173294622320584,False
2025-04-02,GLENMARK.NS,794,1451.0198964024007,1511.7418212890625,1200323.0061035156,1200.3230061035156,47012.88535390585,0.040805907081064775,True
2025-04-02,DIXON.NS,298,17553.681597725674,13444.716796875,4006525.60546875,4006.52560546875,-1228478.036258969,-0.23484586379769262,True
2025-05-05,VEDL.NS,16708,403.93177768568313,391.75592041015625,6545457.918212891,6545.457918212891,-209979.6812777156,-0.031113207452859573,True
2025-05-05,COHANCE.NS,4388,1095.7446744384765,1149.0,5041812.0,5041.812,228642.55656396504,0.047553345936384134,False
2025-05-05,SARDAEN.NS,4348,457.793842968987,442.5372009277344,1924151.749633789,1924.151749633789,-68260.03134500026,-0.03429312010918396,False
2025-05-05,BHARTIARTL.NS,2943,1611.575175500082,1827.5299072265625,5378420.516967773,5378.420516967773,630176.3549540648,0.13286826768897647,False
2025-05-05,MUTHOOTFIN.NS,2074,2110.019288330078,2185.123779296875,4531946.718261719,4531.946718261719,151234.7675468754,0.03455862588119296,True
2025-05-05,DIVISLAB.NS,931,5622.770962402343,6071.701171875,5652753.791015625,5652.753791015625,412301.27122802846,0.07876161260382729,False
2025-06-03,SARDAEN.NS,13038,457.793842968987,432.6997375488281,5641539.178161621,5641.539178161621,-332818.48564619385,-0.055760481600529224,False
2025-06-03,HDFCBANK.NS,2390,908.6901820410111,934.0179443359376,2232302.886962891,2232.302886962891,58301.048997911625,0.02684495203392623,False
2025-06-03,DIVISLAB.NS,764,5622.770962402343,6473.705078125,4945910.6796875,4945.9106796875,645167.7537324224,0.1501858098597945,True
2025-06-03,MAZDOCK.NS,755,2508.24249463505,3411.173828125,2575436.240234375,2575.436240234375,679137.7205446777,0.3586256757812825,True
2025-06-03,COROMANDEL.NS,657,2059.6236622788124,2294.8515625,1507717.4765625,1507.7174765625,153037.01296875766,0.11309495658103154,False
2025-07-02,PGEL.NS,12100,789.7340834775058,745.621337890625,9022018.188476562,9022.018188476562,-542786.2397897337,-0.056801862631080294,False
2025-07-02,CHAMBLFERT.NS,6397,543.9106157836914,531.7630004882812,3401687.914123535,3401.6879141235354,-81109.98295886209,-0.023311510987203982,True
2025-07-02,HDFCBANK.NS,5036,908.6901820410111,974.418701171875,4907172.5791015625,4907.172579101562,326101.64976392966,0.07126092226973095,False
2025-07-02,COROMANDEL.NS,4072,2059.6236622788124,2253.314697265625,9175497.447265625,9175.497447265625,779534.3970190352,0.09294791266756768,True
2025-07-02,COHANCE.NS,2303,1050.5315230492126,967.7999877929688,2228843.371887207,2228.843371887207,-192759.5690670167,-0.07967332098811837,True
2025-07-02,ICICIBANK.NS,727,1409.4013915951548,1405.0223388671875,1021451.2403564453,1021.4512403564453,-4205.022573588649,-0.004103923198406994,False
2025-07-02,DEEPAKFERT.NS,539,1530.6784412841796,1728.5216064453125,931673.1458740234,931.6731458740235,105705.79287597653,0.1281226926996861,False
2025-07-02,BHARTIARTL.NS,206,1662.8245905646836,1991.380859375,410224.45703125,410.22445703125,67272.36691789393,0.19639166380143697,False
2025-08-04,PAYTM.NS,9351,871.5280494422234,1078.199951171875,10082247.743408203,10082.247743408203,1922506.7053305628,0.23590026954388818,False
2025-08-04,SARDAEN.NS,8308,438.491551328449,520.9388427734375,4327959.905761719,4327.959905761719,680644.1374192028,0.18683678705783938,True
2025-08-04,DEEPAKFERT.NS,4809,1530.6784412841796,1534.41162109375,7378985.485839844,7378.985485839844,10573.876218384132,0.0014364664250657068,True
2025-08-04,PGEL.NS,3185,789.7340834775058,788.9522094726562,2512812.78717041,2512.81278717041,-5003.081492616329,-0.001989057136049239,True
2025-08-04,MFSL.NS,1014,1645.644,1481.5999755859375,1502342.3752441406,1502.3423752441406,-167842.98313110368,-0.10058410226613326,False
2025-08-04,ICICIBANK.NS,958,1409.4013915951548,1439.8575439453125,1379383.5270996094,1379.3835270996094,27797.610424351413,0.020587672879598767,False
2025-09-02,ASTERDM.NS,16321,587.7631166051867,629.2935791015625,10270700.504516602,10270.700504516602,667547.9778988324,0.06958784544615858,False
2025-09-02,MCX.NS,5922,1591.0191171875001,1529.0999755859375,9055330.055419922,9055.330055419921,-375740.486619873,-0.03987899384220354,True
2025-09-02,BHARTIARTL.NS,1855,1716.468295124248,1863.7442626953125,3457245.6072998047,3457.2456072998048,269739.67423702497,0.08471593895525083,False
2025-09-02,MFSL.NS,1160,1645.644,1623.9000244140625,1883724.0283203125,1883.7240283203125,-27106.73570800782,-0.014199836422915023,False
2025-09-02,HDFCBANK.NS,808,970.2823322550553,929.1326904296876,750739.2138671876,750.7392138671877,-33999.649808764225,-0.043367557170706256,False
2025-09-02,ICICIBANK.NS,728,1409.4013915951548,1382.54443359375,1006492.34765625,1006.49234765625,-20558.35777267895,-0.02003652231607151,False
2025-09-02,SOLARINDS.NS,81,14371.874118164063,14009.72265625,1134787.53515625,1134.78753515625,-30469.05595019553,-0.026173426059646555,True
2025-10-03,HDFCBANK.NS,5135,970.2823322550553,949.4467163085938,4875408.888244629,4875.408888244629,-111866.29677332472,-0.022452292429296316,False
2025-10-03,BSE.NS,4814,2716.712447491711,2087.899169921875,10051146.604003906,10051.146604003907,-3037158.264825193,-0.23222964849380975,True
2025-10-03,ICICIBANK.NS,1690,1409.4013915951548,1353.786865234375,2287899.8022460938,2287.8998022460937,-96276.44935196405,-0.04042021922621896,False
2025-10-03,BHARTIARTL.NS,1256,1716.468295124248,1873.126220703125,2352646.533203125,2352.6465332031253,194409.7079938664,0.09017632297540903,True
2025-10-03,NAVINFLUOR.NS,1222,4749.253297851563,4589.46142578125,5608321.8623046875,5608.321862304688,-200873.9895322267,-0.03461203755345196,False
2025-10-03,LAURUSLABS.NS,237,859.394607849121,862.8283081054688,204490.3090209961,204.4903090209961,609.2966517333989,0.002991491830134385,False
2025-11-04,PAYTM.NS,7885,1136.254362774236,1268.0,9998180.0,9998.18,1028816.1695251502,0.11483136302966075,True
2025-11-04,ASTERDM.NS,7107,628.8959991101547,685.646728515625,4872891.299560547,4872.891299560547,398454.5425851168,0.08914841683884611,True
2025-11-04,MFSL.NS,3527,1639.132660716254,1592.4000244140625,5616394.886108398,5616.394886108398,-170442.40312393755,-0.029482077616273493,False
2025-11-04,FORTIS.NS,3355,915.5133477574932,1018.02001953125,3415457.1655273438,3415.457165527344,340494.42663542693,0.11085436602624886,False
2025-11-04,LAURUSLABS.NS,3238,859.394607849121,982.1721801757812,3180273.5194091797,3180.2735194091797,394373.50567431655,0.1417223229399961,False
2025-11-04,ICICIBANK.NS,850,1409.4013915951548,1325.7235107421875,1126864.9841308594,1126.8649841308595,-72253.0637091531,-0.06031184932172005,True
2025-11-04,NAVINFLUOR.NS,752,4749.253297851563,6041.259765625,4543027.34375,4543.02734375,967045.8364218748,0.2707720829692426,True
2025-11-04,FORCEMOT.NS,141,16823.807,18279.0,2577339.0,2577.339,202604.87399999984,0.08540956277018626,False
2025-12-02,MANAPPURAM.NS,14356,264.59727972412105,276.2953491210937,3966496.031982421,3966.496031982421,163970.98823095672,0.04316663444068777,False
2025-12-02,HDFCBANK.NS,2560,970.2774043826354,973.6956176757812,2492660.78125,2492.66078125,6257.965249203611,0.0025194008068502322,True
2025-12-02,LTF.NS,2319,277.42372250366213,302.9310913085937,702497.2007446288,702.4972007446288,58449.091057891725,0.09085177534985417,False
2025-12-02,MFSL.NS,779,1639.132660716254,1691.800048828125,1317912.2380371094,1317.9122380371093,39709.98310111044,0.031099122898794573,True
2025-12-02,TVSMOTOR.NS,726,3464.4639326171878,3657.91455078125,2655645.9638671875,2655.6459638671877,137789.502823242,0.05478270442547351,False
2025-12-02,FORTIS.NS,683,915.5133477574932,914.779541015625,624794.4265136719,624.7944265136719,-1125.9844312097412,-0.001800723372217444,False
2025-12-02,FORCEMOT.NS,190,16823.807,17882.0,3397580.0,3397.58,197659.08999999985,0.06183564754398331,False
2025-12-02,EICHERMOT.NS,178,6873.4563241273945,7038.79052734375,1252904.7138671875,1252.9047138671876,28176.583458644105,0.023029958324367168,False
2025-12-02,LAURUSLABS.NS,74,859.394607849121,1019.185302734375,75419.71240234375,75.41971240234375,11749.091709106448,0.18474808677225743,False
